--
-- PostgreSQL database dump
--

-- Dumped from database version 12.6 (Ubuntu 12.6-0ubuntu0.20.04.1)
-- Dumped by pg_dump version 12.6 (Ubuntu 12.6-0ubuntu0.20.04.1)

SET statement_timeout = 0;
SET lock_timeout = 0;
SET idle_in_transaction_session_timeout = 0;
SET client_encoding = 'UTF8';
SET standard_conforming_strings = on;
SELECT pg_catalog.set_config('search_path', '', false);
SET check_function_bodies = false;
SET xmloption = content;
SET client_min_messages = warning;
SET row_security = off;

SET default_tablespace = '';

SET default_table_access_method = heap;

--
-- Name: active_storage_attachments; Type: TABLE; Schema: public; Owner: jmstump
--

CREATE TABLE public.active_storage_attachments (
    id bigint NOT NULL,
    name character varying NOT NULL,
    record_type character varying NOT NULL,
    record_id bigint NOT NULL,
    blob_id bigint NOT NULL,
    created_at timestamp without time zone NOT NULL
);


ALTER TABLE public.active_storage_attachments OWNER TO jmstump;

--
-- Name: active_storage_attachments_id_seq; Type: SEQUENCE; Schema: public; Owner: jmstump
--

CREATE SEQUENCE public.active_storage_attachments_id_seq
    START WITH 1
    INCREMENT BY 1
    NO MINVALUE
    NO MAXVALUE
    CACHE 1;


ALTER TABLE public.active_storage_attachments_id_seq OWNER TO jmstump;

--
-- Name: active_storage_attachments_id_seq; Type: SEQUENCE OWNED BY; Schema: public; Owner: jmstump
--

ALTER SEQUENCE public.active_storage_attachments_id_seq OWNED BY public.active_storage_attachments.id;


--
-- Name: active_storage_blobs; Type: TABLE; Schema: public; Owner: jmstump
--

CREATE TABLE public.active_storage_blobs (
    id bigint NOT NULL,
    key character varying NOT NULL,
    filename character varying NOT NULL,
    content_type character varying,
    metadata text,
    byte_size bigint NOT NULL,
    checksum character varying NOT NULL,
    created_at timestamp without time zone NOT NULL
);


ALTER TABLE public.active_storage_blobs OWNER TO jmstump;

--
-- Name: active_storage_blobs_id_seq; Type: SEQUENCE; Schema: public; Owner: jmstump
--

CREATE SEQUENCE public.active_storage_blobs_id_seq
    START WITH 1
    INCREMENT BY 1
    NO MINVALUE
    NO MAXVALUE
    CACHE 1;


ALTER TABLE public.active_storage_blobs_id_seq OWNER TO jmstump;

--
-- Name: active_storage_blobs_id_seq; Type: SEQUENCE OWNED BY; Schema: public; Owner: jmstump
--

ALTER SEQUENCE public.active_storage_blobs_id_seq OWNED BY public.active_storage_blobs.id;


--
-- Name: ar_internal_metadata; Type: TABLE; Schema: public; Owner: jmstump
--

CREATE TABLE public.ar_internal_metadata (
    key character varying NOT NULL,
    value character varying,
    created_at timestamp without time zone NOT NULL,
    updated_at timestamp without time zone NOT NULL
);


ALTER TABLE public.ar_internal_metadata OWNER TO jmstump;

--
-- Name: gunplas; Type: TABLE; Schema: public; Owner: jmstump
--

CREATE TABLE public.gunplas (
    id bigint NOT NULL,
    kit_name character varying,
    gundam_name character varying,
    grade character varying,
    scale character varying,
    gundam_series character varying,
    created_at timestamp without time zone NOT NULL,
    updated_at timestamp without time zone NOT NULL
);


ALTER TABLE public.gunplas OWNER TO jmstump;

--
-- Name: gunplas_id_seq; Type: SEQUENCE; Schema: public; Owner: jmstump
--

CREATE SEQUENCE public.gunplas_id_seq
    START WITH 1
    INCREMENT BY 1
    NO MINVALUE
    NO MAXVALUE
    CACHE 1;


ALTER TABLE public.gunplas_id_seq OWNER TO jmstump;

--
-- Name: gunplas_id_seq; Type: SEQUENCE OWNED BY; Schema: public; Owner: jmstump
--

ALTER SEQUENCE public.gunplas_id_seq OWNED BY public.gunplas.id;


--
-- Name: gunplas_users; Type: TABLE; Schema: public; Owner: jmstump
--

CREATE TABLE public.gunplas_users (
    id bigint NOT NULL,
    user_id bigint NOT NULL,
    gunpla_id bigint NOT NULL
);


ALTER TABLE public.gunplas_users OWNER TO jmstump;

--
-- Name: gunplas_users_id_seq; Type: SEQUENCE; Schema: public; Owner: jmstump
--

CREATE SEQUENCE public.gunplas_users_id_seq
    START WITH 1
    INCREMENT BY 1
    NO MINVALUE
    NO MAXVALUE
    CACHE 1;


ALTER TABLE public.gunplas_users_id_seq OWNER TO jmstump;

--
-- Name: gunplas_users_id_seq; Type: SEQUENCE OWNED BY; Schema: public; Owner: jmstump
--

ALTER SEQUENCE public.gunplas_users_id_seq OWNED BY public.gunplas_users.id;


--
-- Name: reviews; Type: TABLE; Schema: public; Owner: jmstump
--

CREATE TABLE public.reviews (
    id bigint NOT NULL,
    title character varying,
    rating integer,
    content_body character varying,
    user_id integer,
    gunpla_id integer,
    created_at timestamp without time zone NOT NULL,
    updated_at timestamp without time zone NOT NULL
);


ALTER TABLE public.reviews OWNER TO jmstump;

--
-- Name: reviews_id_seq; Type: SEQUENCE; Schema: public; Owner: jmstump
--

CREATE SEQUENCE public.reviews_id_seq
    START WITH 1
    INCREMENT BY 1
    NO MINVALUE
    NO MAXVALUE
    CACHE 1;


ALTER TABLE public.reviews_id_seq OWNER TO jmstump;

--
-- Name: reviews_id_seq; Type: SEQUENCE OWNED BY; Schema: public; Owner: jmstump
--

ALTER SEQUENCE public.reviews_id_seq OWNED BY public.reviews.id;


--
-- Name: schema_migrations; Type: TABLE; Schema: public; Owner: jmstump
--

CREATE TABLE public.schema_migrations (
    version character varying NOT NULL
);


ALTER TABLE public.schema_migrations OWNER TO jmstump;

--
-- Name: users; Type: TABLE; Schema: public; Owner: jmstump
--

CREATE TABLE public.users (
    id bigint NOT NULL,
    username character varying NOT NULL,
    email character varying DEFAULT ''::character varying NOT NULL,
    encrypted_password character varying DEFAULT ''::character varying NOT NULL,
    bio character varying DEFAULT 'No Bio'::character varying NOT NULL,
    reset_password_token character varying,
    reset_password_sent_at timestamp without time zone,
    remember_created_at timestamp without time zone,
    created_at timestamp without time zone NOT NULL,
    updated_at timestamp without time zone NOT NULL,
    admin boolean DEFAULT false
);


ALTER TABLE public.users OWNER TO jmstump;

--
-- Name: users_id_seq; Type: SEQUENCE; Schema: public; Owner: jmstump
--

CREATE SEQUENCE public.users_id_seq
    START WITH 1
    INCREMENT BY 1
    NO MINVALUE
    NO MAXVALUE
    CACHE 1;


ALTER TABLE public.users_id_seq OWNER TO jmstump;

--
-- Name: users_id_seq; Type: SEQUENCE OWNED BY; Schema: public; Owner: jmstump
--

ALTER SEQUENCE public.users_id_seq OWNED BY public.users.id;


--
-- Name: active_storage_attachments id; Type: DEFAULT; Schema: public; Owner: jmstump
--

ALTER TABLE ONLY public.active_storage_attachments ALTER COLUMN id SET DEFAULT nextval('public.active_storage_attachments_id_seq'::regclass);


--
-- Name: active_storage_blobs id; Type: DEFAULT; Schema: public; Owner: jmstump
--

ALTER TABLE ONLY public.active_storage_blobs ALTER COLUMN id SET DEFAULT nextval('public.active_storage_blobs_id_seq'::regclass);


--
-- Name: gunplas id; Type: DEFAULT; Schema: public; Owner: jmstump
--

ALTER TABLE ONLY public.gunplas ALTER COLUMN id SET DEFAULT nextval('public.gunplas_id_seq'::regclass);


--
-- Name: gunplas_users id; Type: DEFAULT; Schema: public; Owner: jmstump
--

ALTER TABLE ONLY public.gunplas_users ALTER COLUMN id SET DEFAULT nextval('public.gunplas_users_id_seq'::regclass);


--
-- Name: reviews id; Type: DEFAULT; Schema: public; Owner: jmstump
--

ALTER TABLE ONLY public.reviews ALTER COLUMN id SET DEFAULT nextval('public.reviews_id_seq'::regclass);


--
-- Name: users id; Type: DEFAULT; Schema: public; Owner: jmstump
--

ALTER TABLE ONLY public.users ALTER COLUMN id SET DEFAULT nextval('public.users_id_seq'::regclass);


--
-- Data for Name: active_storage_attachments; Type: TABLE DATA; Schema: public; Owner: jmstump
--

COPY public.active_storage_attachments (id, name, record_type, record_id, blob_id, created_at) FROM stdin;
1	images	Gunpla	1	1	2021-04-06 21:55:24.8677
2	images	Gunpla	1	2	2021-04-06 21:55:24.869488
3	images	Gunpla	1	3	2021-04-06 21:55:24.871036
4	images	Gunpla	4	4	2021-04-06 21:56:05.531545
5	images	Gunpla	4	5	2021-04-06 21:56:05.532666
6	images	Gunpla	4	6	2021-04-06 21:56:05.533829
7	images	Gunpla	4	7	2021-04-06 21:56:05.535288
8	images	Gunpla	4	8	2021-04-06 21:56:05.536546
9	images	Gunpla	4	9	2021-04-06 21:56:05.537606
10	images	Gunpla	6	10	2021-04-06 21:56:58.064607
11	images	Gunpla	6	11	2021-04-06 21:56:58.065859
12	images	Gunpla	6	12	2021-04-06 21:56:58.066691
13	images	Gunpla	6	13	2021-04-06 21:56:58.067511
14	images	Gunpla	6	14	2021-04-06 21:56:58.068338
15	images	Gunpla	8	15	2021-04-06 21:57:42.940299
16	images	Gunpla	8	16	2021-04-06 21:57:42.942619
17	images	Gunpla	8	17	2021-04-06 21:57:42.943595
18	images	Gunpla	8	18	2021-04-06 21:57:42.944693
19	images	Gunpla	8	19	2021-04-06 21:57:42.945627
20	images	Gunpla	8	20	2021-04-06 21:57:42.946593
21	images	Gunpla	8	21	2021-04-06 21:57:42.947516
22	images	Gunpla	10	22	2021-04-06 21:58:20.078806
23	images	Gunpla	10	23	2021-04-06 21:58:20.079948
24	images	Gunpla	10	24	2021-04-06 21:58:20.080823
25	images	Gunpla	10	25	2021-04-06 21:58:20.081649
26	images	Gunpla	10	26	2021-04-06 21:58:20.082431
27	images	Gunpla	10	27	2021-04-06 21:58:20.08328
28	images	Gunpla	12	28	2021-04-06 21:59:02.422248
29	images	Gunpla	12	29	2021-04-06 21:59:02.42398
30	images	Gunpla	12	30	2021-04-06 21:59:02.42503
31	images	Gunpla	12	31	2021-04-06 21:59:02.426161
32	images	Gunpla	12	32	2021-04-06 21:59:02.427584
33	images	Gunpla	12	33	2021-04-06 21:59:02.428844
34	images	Gunpla	14	34	2021-04-06 21:59:38.14367
35	images	Gunpla	14	35	2021-04-06 21:59:38.144591
36	images	Gunpla	14	36	2021-04-06 21:59:38.145418
37	images	Gunpla	14	37	2021-04-06 21:59:38.146291
38	images	Gunpla	14	38	2021-04-06 21:59:38.147203
39	images	Gunpla	14	39	2021-04-06 22:04:10.700327
40	images	Gunpla	14	40	2021-04-06 22:04:10.712333
41	images	Gunpla	14	41	2021-04-06 22:04:10.726786
42	images	Gunpla	14	42	2021-04-06 22:04:10.736149
43	images	Gunpla	14	43	2021-04-06 22:04:10.746382
50	images	Gunpla	12	50	2021-04-06 22:07:36.676521
51	images	Gunpla	12	51	2021-04-06 22:07:36.687068
52	images	Gunpla	12	52	2021-04-06 22:07:36.702249
53	images	Gunpla	12	53	2021-04-06 22:07:36.71288
54	images	Gunpla	12	54	2021-04-06 22:07:36.722242
55	images	Gunpla	12	55	2021-04-06 22:07:36.733507
60	images	Gunpla	10	60	2021-04-06 22:09:51.457009
61	images	Gunpla	10	61	2021-04-06 22:09:51.465863
62	images	Gunpla	10	62	2021-04-06 22:09:51.472937
63	images	Gunpla	10	63	2021-04-06 22:09:51.480534
64	images	Gunpla	10	64	2021-04-06 22:09:51.48767
65	images	Gunpla	10	65	2021-04-06 22:09:51.494144
72	images	Gunpla	8	72	2021-04-06 22:14:46.929746
73	images	Gunpla	8	73	2021-04-06 22:14:46.941736
74	images	Gunpla	8	74	2021-04-06 22:14:46.957521
75	images	Gunpla	8	75	2021-04-06 22:14:46.972356
76	images	Gunpla	8	76	2021-04-06 22:14:46.986761
77	images	Gunpla	8	77	2021-04-06 22:14:47.002515
78	images	Gunpla	8	78	2021-04-06 22:14:47.018894
85	images	Gunpla	6	85	2021-04-06 22:17:25.613379
86	images	Gunpla	6	86	2021-04-06 22:17:25.625518
87	images	Gunpla	6	87	2021-04-06 22:17:25.634751
88	images	Gunpla	6	88	2021-04-06 22:17:25.644028
89	images	Gunpla	6	89	2021-04-06 22:17:25.653159
96	images	Gunpla	2	96	2021-04-06 22:20:48.854223
97	images	Gunpla	2	97	2021-04-06 22:20:48.867303
98	images	Gunpla	2	98	2021-04-06 22:20:48.876866
99	images	Gunpla	3	99	2021-04-06 22:21:15.177222
100	images	Gunpla	3	100	2021-04-06 22:21:15.190981
101	images	Gunpla	3	101	2021-04-06 22:21:15.201814
102	images	Gunpla	3	102	2021-04-06 22:21:15.212632
103	images	Gunpla	3	103	2021-04-06 22:21:15.22407
104	images	Gunpla	3	104	2021-04-06 22:21:15.23493
295	avatar	User	137	295	2021-04-07 22:17:43.775085
296	avatar	User	138	296	2021-04-07 22:17:43.790001
297	avatar	User	139	297	2021-04-07 22:17:43.806909
298	avatar	User	140	298	2021-04-07 22:17:43.821921
299	avatar	User	141	299	2021-04-07 22:17:43.838193
300	avatar	User	132	300	2021-04-07 22:17:43.8523
301	avatar	User	133	301	2021-04-07 22:17:43.867673
302	avatar	User	134	302	2021-04-07 22:17:43.882794
303	avatar	User	135	303	2021-04-07 22:17:43.898412
304	avatar	User	136	304	2021-04-07 22:17:43.923635
305	avatar	User	142	305	2021-04-07 22:17:43.940731
306	avatar	User	143	306	2021-04-07 22:17:43.955599
307	avatar	User	144	307	2021-04-07 22:17:43.974361
308	avatar	User	145	308	2021-04-07 22:17:43.992163
309	avatar	User	146	309	2021-04-07 22:17:44.011757
310	avatar	User	147	310	2021-04-07 22:17:44.026918
311	avatar	User	148	311	2021-04-07 22:17:44.047616
312	avatar	User	149	312	2021-04-07 22:17:44.063768
313	avatar	User	150	313	2021-04-07 22:17:44.078635
314	avatar	User	151	314	2021-04-07 22:17:44.093196
315	avatar	User	152	315	2021-04-07 22:17:44.108783
316	avatar	User	153	316	2021-04-07 22:17:44.123529
317	avatar	User	154	317	2021-04-07 22:17:44.140609
318	avatar	User	155	318	2021-04-07 22:17:44.160969
319	avatar	User	156	319	2021-04-07 22:17:44.179315
320	avatar	User	157	320	2021-04-07 22:17:44.205576
321	avatar	User	158	321	2021-04-07 22:17:44.220171
322	avatar	User	159	322	2021-04-07 22:17:44.237983
323	avatar	User	160	323	2021-04-07 22:17:44.252694
324	avatar	User	161	324	2021-04-07 22:17:44.270243
326	avatar	User	163	326	2021-04-07 23:15:20.574444
327	avatar	User	164	327	2021-04-07 23:19:35.544881
328	images	Gunpla	9	328	2021-04-07 23:44:56.44561
329	images	Gunpla	9	329	2021-04-07 23:44:56.45851
330	images	Gunpla	9	330	2021-04-07 23:44:56.470162
331	images	Gunpla	9	331	2021-04-07 23:44:56.47945
332	images	Gunpla	9	332	2021-04-07 23:44:56.488632
333	images	Gunpla	9	333	2021-04-07 23:44:56.498609
334	images	Gunpla	7	334	2021-04-07 23:45:29.66974
335	images	Gunpla	7	335	2021-04-07 23:45:29.678312
336	images	Gunpla	7	336	2021-04-07 23:45:29.696066
337	images	Gunpla	7	337	2021-04-07 23:45:29.707597
338	images	Gunpla	7	338	2021-04-07 23:45:29.72016
339	images	Gunpla	7	339	2021-04-07 23:45:29.729988
340	images	Gunpla	13	340	2021-04-07 23:58:23.907691
341	images	Gunpla	13	341	2021-04-07 23:58:23.918739
342	images	Gunpla	13	342	2021-04-07 23:58:23.937444
343	images	Gunpla	13	343	2021-04-07 23:58:23.94829
344	images	Gunpla	13	344	2021-04-07 23:58:23.960547
345	images	Gunpla	13	345	2021-04-07 23:58:23.971466
346	images	Gunpla	5	346	2021-04-07 23:59:54.330223
347	images	Gunpla	5	347	2021-04-07 23:59:54.349297
348	images	Gunpla	5	348	2021-04-07 23:59:54.39191
349	images	Gunpla	5	349	2021-04-07 23:59:54.418118
350	images	Gunpla	5	350	2021-04-07 23:59:54.436336
351	images	Gunpla	5	351	2021-04-07 23:59:54.456959
352	images	Gunpla	11	352	2021-04-08 00:01:03.470597
353	images	Gunpla	11	353	2021-04-08 00:01:03.491879
354	images	Gunpla	11	354	2021-04-08 00:01:03.516648
355	images	Gunpla	11	355	2021-04-08 00:01:03.533826
356	avatar	User	162	356	2021-04-08 03:19:30.468058
357	avatar	User	165	357	2021-04-08 17:29:55.914152
358	avatar	User	166	358	2021-04-09 20:53:03.740384
\.


--
-- Data for Name: active_storage_blobs; Type: TABLE DATA; Schema: public; Owner: jmstump
--

COPY public.active_storage_blobs (id, key, filename, content_type, metadata, byte_size, checksum, created_at) FROM stdin;
1	r47GcyEvHpVB4PWU5cD53MrA	HGGTO-Guntank-Early-Type-boxart.jpg	image/jpeg	{"identified":true,"analyzed":true}	257174	xzCTAr0Qe1EESNKwtE7mQw==	2021-04-06 21:55:24.849952
2	xEdDjgHSekn1CLVX3EKDkyGW	HGGTO-Guntank-Early-Type-2.jpg	image/jpeg	{"identified":true,"analyzed":true}	35829	9XNtqHzrWYJvfdX0FBYbsg==	2021-04-06 21:55:24.859549
3	vK2WjwHaD9Xo8ikXKbn1f8qo	HGGTO-Guntank-Early-Type-1.jpg	image/jpeg	{"identified":true,"analyzed":true}	26938	6FaebuAmJ/XGrDeUKyTu+w==	2021-04-06 21:55:24.863749
8	JoVieBPPSoP9QJ9XqZtCMFTS	HGGTO-Char's-Zaku-II-(ROTRC)-2.jpg	image/jpeg	{"identified":true,"analyzed":true}	52432	13QltiH7U9dINpIAzfzUEg==	2021-04-06 21:56:05.525572
7	yuN5PTmAs3avjn5BUje34aws	HGGTO-Char's-Zaku-II-(ROTRC)-3.jpg	image/jpeg	{"identified":true,"analyzed":true}	60592	UdfzQPXirO3AqzzsvtezZQ==	2021-04-06 21:56:05.522176
6	G7RyDhqcNVfkNn9gmSWXE7dM	HGGTO-Char's-Zaku-II-(ROTRC)-5.jpg	image/jpeg	{"identified":true,"analyzed":true}	56154	vajsmWU8pFArQPeRFsE5Jg==	2021-04-06 21:56:05.518365
4	WvhPjqG1XuuY1Nz121xkH3MU	HGGTO-Char's-Zaku-II-(ROTRC)-box.jpg	image/jpeg	{"identified":true,"analyzed":true}	103817	IaVcpIgg+g0rD5icPGDDJg==	2021-04-06 21:56:05.510123
5	NwySqzgX1MYjapYpUsEubX9Q	HGGTO-Char's-Zaku-II-(ROTRC)-6.jpg	image/jpeg	{"identified":true,"analyzed":true}	54583	ZLy45xCOu3Ge6Z1FRvSwzg==	2021-04-06 21:56:05.514722
9	KFexWZkYZKQeeVdzDsPex9Ng	HGGTO-Char's-Zaku-II-(ROTRC)-1.jpg	image/jpeg	{"identified":true,"analyzed":true}	61989	9qZrkKTHm2yIjuQ9T+amwA==	2021-04-06 21:56:05.528608
11	zb2LFeGBhcHVaBWwte2TNXT2	PG-Gundam-Astray-Red-Frame-4.jpg	image/jpeg	{"identified":true,"analyzed":true}	62441	DGSGzUjiQM+XLGCPC75NZA==	2021-04-06 21:56:58.050685
12	2MT2cEQfJGGDLkEgsUVmTCdz	PG-Gundam-Astray-Red-Frame-3.jpg	image/jpeg	{"identified":true,"analyzed":true}	39754	7QGZb9Uj8ZbmvmOecePuJg==	2021-04-06 21:56:58.053838
13	ic4gWFLQ9HiMz4Y9pemWBSHu	PG-Gundam-Astray-Red-Frame-2.jpg	image/jpeg	{"identified":true,"analyzed":true}	43664	Oct2V9Y7qOeg8UDh+g+8AA==	2021-04-06 21:56:58.057421
14	MaNguxJKP9QPNrZW5rBdJDZT	PG-Gundam-Astray-Red-Frame-1.jpg	image/jpeg	{"identified":true,"analyzed":true}	37894	fmXEqLdQ6IEnRHStGwaCCQ==	2021-04-06 21:56:58.060908
10	yTFLYNJVtbXUjYJhNmVNB726	PG-Gundam-Astray-Red-Frame-box.jpg	image/jpeg	{"identified":true,"analyzed":true}	62586	RhpfFkqeNXOAjOYQeT4Dcg==	2021-04-06 21:56:58.047084
18	rmJmnSmDzjjCZgA7V7aPhEzG	5.png	image/png	{"identified":true,"analyzed":true}	771879	JQ0UUTPRkuZmff8KCjUMtQ==	2021-04-06 21:57:42.91822
16	zbyHF5xGjYfRL52eohruzwTw	9.png	image/png	{"identified":true,"analyzed":true}	1017017	melhV4iOjJF/piqZ3r2A2Q==	2021-04-06 21:57:42.901604
15	RP8sLwRVwkwa3dPPPr4CV8iz	10.jpg	image/jpeg	{"identified":true,"analyzed":true}	54784	ImNqycRDbr+WDtWtrvwNnw==	2021-04-06 21:57:42.894629
19	EfyaeJerAkgkNAUAfzfsX8iM	4.png	image/png	{"identified":true,"analyzed":true}	570635	/yuyJVMWDKQil4+dvLe+NA==	2021-04-06 21:57:42.925456
17	PpigKeGwKZ8wFjhLdMMzjSHN	8.png	image/png	{"identified":true,"analyzed":true}	1207024	GKwQi01OD1mYcLI8rwMsbg==	2021-04-06 21:57:42.911227
20	aavFmZHECE94S48NyJV5ocwb	3.png	image/png	{"identified":true,"analyzed":true}	1411299	TNp731LvG+tfoipMZVlgDA==	2021-04-06 21:57:42.933393
21	4WMmdS9xFfvscG1EUEW5tRyp	2.jpg	image/jpeg	{"identified":true,"analyzed":true}	52173	HaF3X5mCo1LDEEKz+UWaQQ==	2021-04-06 21:57:42.936759
22	Ew1Wc8PKCvKsjj9PFn73KB5d	MG-RX-78-02-Gundam-box.jpg	image/jpeg	{"identified":true,"analyzed":true}	133513	F8rUqlOPCBhsV+MtJl+HcQ==	2021-04-06 21:58:20.046936
24	ihMXfvYyXuAsSQhaNyTjx7wT	MG-RX-78-02-Gundam-6.jpg	image/jpeg	{"identified":true,"analyzed":true}	33751	UFRomxHBQaLPUZV2k38Q6g==	2021-04-06 21:58:20.056034
25	n6c9xB5GLHc8io1M8huh3WZW	MG-RX-78-02-Gundam-4.jpg	image/jpeg	{"identified":true,"analyzed":true}	41425	+f8HtzdGI8za8VK6PvotCQ==	2021-04-06 21:58:20.067531
23	SMUbLoog9uQbeXqhn6R31Ytb	MG-RX-78-02-Gundam-7.jpg	image/jpeg	{"identified":true,"analyzed":true}	25326	MHUQ6Ed4t3tJoRNXYiuK6w==	2021-04-06 21:58:20.051238
30	PeRyJCoqwPPMtaWSRdiuZhvp	MG-Freedom-Gundam-(2.0)-8.jpg	image/jpeg	{"identified":true,"analyzed":true}	35761	swYk4y/nDtVHCkz/7j44yw==	2021-04-06 21:59:02.408055
28	hoURxCkNcFRs8aQGihQLKcou	MG-Freedom-Gundam-(2.0)-boxart.jpg	image/jpeg	{"identified":true,"analyzed":true}	143894	J/WukPiMoWSAP03ocd9HKw==	2021-04-06 21:59:02.40033
29	gSsuRigZzTd4PDzamX5BfSrF	MG-Freedom-Gundam-(2.0)-9.jpg	image/jpeg	{"identified":true,"analyzed":true}	27312	OQsWK7bYxCaNm6Zi84+feA==	2021-04-06 21:59:02.404674
31	6UNtUqZQJxauyihf7xbL51S6	MG-Freedom-Gundam-(2.0)-7.jpg	image/jpeg	{"identified":true,"analyzed":true}	25503	ACRAF/YIHwFV6aIc58fUtw==	2021-04-06 21:59:02.411624
33	DhMbwPC8yS1w8zbyYp8qMPDz	MG-Freedom-Gundam-(2.0)-1.jpg	image/jpeg	{"identified":true,"analyzed":true}	28355	cdGV9DUNZIv+Im8wom59jA==	2021-04-06 21:59:02.418128
32	quAGkG6f9F29b9CHjRqPVUoL	MG-Freedom-Gundam-(2.0)-2.jpg	image/jpeg	{"identified":true,"analyzed":true}	26357	E5ECo/XLO2ufgTvfCkYj7w==	2021-04-06 21:59:02.414922
39	W5BYCPfgkefvvbSuWJHACiN2	MG_Gouf_2.0_01.jpg	image/jpeg	{"identified":true,"analyzed":true}	33076	fgIHUfEiXlq1h7NNVBWJzA==	2021-04-06 22:04:10.696396
40	JYUbH7CLz64pWmq85rjAC4Vr	MG_Gouf_2.0_02.jpg	image/jpeg	{"identified":true,"analyzed":true}	32886	DWMHxCcFGu+puEh4+PvbDA==	2021-04-06 22:04:10.708704
41	fHnw7tzWRMCsFT3hCtpTpqDa	MG_Gouf_2.0_03.jpg	image/jpeg	{"identified":true,"analyzed":true}	29695	EBBhEdPwCck326mMnsioEA==	2021-04-06 22:04:10.723586
42	jfa3svZnSPhu99Yt3UKnD3Mt	MG_Gouf_2.0_04.jpg	image/jpeg	{"identified":true,"analyzed":true}	29848	6khwPNj23teXbffjqWIBPg==	2021-04-06 22:04:10.73384
43	28r7nsVeNWMP8Ja8aoHp2JnP	MG_Gouf_2.0_boxart.jpg	image/jpeg	{"identified":true,"analyzed":true}	128045	IkiZwt/24ct4jC2CkrVYnw==	2021-04-06 22:04:10.744092
50	obSTX17LgqGwHW8PLP5CKCec	MG-Freedom-Gundam-(2.0)-1.jpg	image/jpeg	{"identified":true,"analyzed":true}	28355	cdGV9DUNZIv+Im8wom59jA==	2021-04-06 22:07:36.672954
51	usMrmpKtf2GZKEvZbDvbGC5Z	MG-Freedom-Gundam-(2.0)-2.jpg	image/jpeg	{"identified":true,"analyzed":true}	26357	E5ECo/XLO2ufgTvfCkYj7w==	2021-04-06 22:07:36.684021
52	z64BzMkfrhrXRQmYSLuA1cgW	MG-Freedom-Gundam-(2.0)-7.jpg	image/jpeg	{"identified":true,"analyzed":true}	25503	ACRAF/YIHwFV6aIc58fUtw==	2021-04-06 22:07:36.699546
53	pT5tV1ruw3EtYpn3BkuaUETw	MG-Freedom-Gundam-(2.0)-8.jpg	image/jpeg	{"identified":true,"analyzed":true}	35761	swYk4y/nDtVHCkz/7j44yw==	2021-04-06 22:07:36.70874
54	aNoGoxiri6SczwgsfwfKr9Gb	MG-Freedom-Gundam-(2.0)-9.jpg	image/jpeg	{"identified":true,"analyzed":true}	27312	OQsWK7bYxCaNm6Zi84+feA==	2021-04-06 22:07:36.719101
55	MU5LnX3GtnbCpiqp34gfckkh	MG-Freedom-Gundam-(2.0)-boxart.jpg	image/jpeg	{"identified":true,"analyzed":true}	143894	J/WukPiMoWSAP03ocd9HKw==	2021-04-06 22:07:36.730944
99	LQoF6Hb3BhPfH1Yj5JBhfaug	RG_Tallgeese_boxart.jpg	image/jpeg	{"identified":true,"analyzed":true}	58819	0xQW+U/fRAJtcJA6u9SjEQ==	2021-04-06 22:21:15.173853
26	3CdLBrGEVFXZFLKKwUpRQEeT	MG-RX-78-02-Gundam-2.jpg	image/jpeg	{"identified":true,"analyzed":true}	59166	bI/x7xwq3SyCisXf5uGv5A==	2021-04-06 21:58:20.071552
27	851jxYhruJ6dgB5BmcqNKWzq	MG-RX-78-02-Gundam-1.jpg	image/jpeg	{"identified":true,"analyzed":true}	45118	dhGmOQeT/b/r0OGB+W8wiQ==	2021-04-06 21:58:20.075093
38	6ZffnwkyRdHKbeErXX9tqL3S	MG_Gouf_2.0_01.jpg	image/jpeg	{"identified":true,"analyzed":true}	33076	fgIHUfEiXlq1h7NNVBWJzA==	2021-04-06 21:59:38.14015
35	hsthgMzym8XXw4PqqZeGqbov	MG_Gouf_2.0_04.jpg	image/jpeg	{"identified":true,"analyzed":true}	29848	6khwPNj23teXbffjqWIBPg==	2021-04-06 21:59:38.129492
37	823T9vQ6SbNPK9fKN4fRtYAR	MG_Gouf_2.0_02.jpg	image/jpeg	{"identified":true,"analyzed":true}	32886	DWMHxCcFGu+puEh4+PvbDA==	2021-04-06 21:59:38.137277
36	ehVtiREwtxA1xUaASUdiBo83	MG_Gouf_2.0_03.jpg	image/jpeg	{"identified":true,"analyzed":true}	29695	EBBhEdPwCck326mMnsioEA==	2021-04-06 21:59:38.133773
34	7kpqtLkezC4yTTuGBgH4MZym	MG_Gouf_2.0_boxart.jpg	image/jpeg	{"identified":true,"analyzed":true}	128045	IkiZwt/24ct4jC2CkrVYnw==	2021-04-06 21:59:38.124107
45	zX68N9G14eD4ZJWFkP2Xnmq2	MG-Gundam-Dynames-2.jpg	image/jpeg	{"identified":true,"analyzed":true}	50750	W/fCPiiK828lJav4ZtHndQ==	2021-04-06 22:06:19.095206
44	eVSNBodrR7sGo3c8Je7G1N3N	MG-Gundam-Dynames-1.jpg	image/jpeg	{"identified":true,"analyzed":true}	53159	nkekNCLG59Kpzhr1UJjZ9A==	2021-04-06 22:06:19.076868
46	xLvcRSNfnEr8n1MrmzDHUd1q	MG-Gundam-Dynames-3.jpg	image/jpeg	{"identified":true,"analyzed":true}	42210	q8LOXZGZzsty1pORe41HQw==	2021-04-06 22:06:19.117507
47	yecT2SfWAKHLeVB2BJap2cvz	MG-Gundam-Dynames-5.jpg	image/jpeg	{"identified":true,"analyzed":true}	47195	Z2VUDq2y7mJ2/sdLq8TyMw==	2021-04-06 22:06:19.142712
48	ihhF5XFkBsogaoREsNWHaF4G	MG-Gundam-Dynames-9.jpg	image/jpeg	{"identified":true,"analyzed":true}	60625	V5A2PdYIqERkTB0yCv4qsw==	2021-04-06 22:06:19.158693
49	bZqsh9yW7esfPk9KxzRH538Y	MG-Gundam-Dynames-box.jpg	image/jpeg	{"identified":true,"analyzed":true}	101664	pfHdB/lJB81AlejvzNEXZA==	2021-04-06 22:06:19.169202
56	AyimHNiXpHjoCTYv3Hjr8Twj	MG_Deathscythe_Hell_EW_01.jpg	image/jpeg	{"identified":true,"analyzed":true}	36500	7HkRME4457jkOeuVBKsRnw==	2021-04-06 22:08:39.150055
57	LkqYPaYreZtbFg94cqGnLnHY	MG_Deathscythe_Hell_EW_02.jpg	image/jpeg	{"identified":true,"analyzed":true}	41698	zNrcXGUjVRQeozvrhXVAOw==	2021-04-06 22:08:39.163905
58	1chm7om2GtWYcLw94BYBPnZK	MG_Deathscythe_Hell_EW_03.jpg	image/jpeg	{"identified":true,"analyzed":true}	42018	R5HDcoWqV+ca4ATrZw2iIA==	2021-04-06 22:08:39.181698
59	H5Aam6sBueS573uZ7rT76RyU	MG_Deathscythe_Hell_EW_Boxart.jpg	image/jpeg	{"identified":true,"analyzed":true}	99020	9GIJFO1FkY+yNthrU0Z58g==	2021-04-06 22:08:39.192107
65	AD2zKwk8y35oNMujXjYwU8V5	MG-RX-78-02-Gundam-box.jpg	image/jpeg	{"identified":true,"analyzed":true}	133513	F8rUqlOPCBhsV+MtJl+HcQ==	2021-04-06 22:09:51.492009
64	STzaTKvV7PE87TvN8DXRFztt	MG-RX-78-02-Gundam-7.jpg	image/jpeg	{"identified":true,"analyzed":true}	25326	MHUQ6Ed4t3tJoRNXYiuK6w==	2021-04-06 22:09:51.485136
61	4NGfe5mWEshR7pSEWA4WJD4M	MG-RX-78-02-Gundam-2.jpg	image/jpeg	{"identified":true,"analyzed":true}	59166	bI/x7xwq3SyCisXf5uGv5A==	2021-04-06 22:09:51.462646
62	u2bZK3br1bzXwSBwADrCNqef	MG-RX-78-02-Gundam-4.jpg	image/jpeg	{"identified":true,"analyzed":true}	41425	+f8HtzdGI8za8VK6PvotCQ==	2021-04-06 22:09:51.47033
63	FM3aZKWCxsGFQ5y87EuTHPup	MG-RX-78-02-Gundam-6.jpg	image/jpeg	{"identified":true,"analyzed":true}	33751	UFRomxHBQaLPUZV2k38Q6g==	2021-04-06 22:09:51.477502
60	P4fKNLd8jXsHLnCtgbmkaFfk	MG-RX-78-02-Gundam-1.jpg	image/jpeg	{"identified":true,"analyzed":true}	45118	dhGmOQeT/b/r0OGB+W8wiQ==	2021-04-06 22:09:51.447732
66	GoKAsV1j8He8i6RMtmjJvnf7	RG_Evangelion_Unit-02_01.jpg	image/jpeg	{"identified":true,"analyzed":true}	26929	hMFfo0oVgoEpwxjxnFv/Ng==	2021-04-06 22:13:13.405368
79	nQGpKhan3kUMr5Bpr9KLTf71	RG_Evangelion_Unit-01_01.jpg	image/jpeg	{"identified":true,"analyzed":true}	32674	RLgJ4kp+F3QTAMvqZ7DDRw==	2021-04-06 22:15:53.142367
80	NSgR4VheDG9sdhe8dN9L5BiR	RG_Evangelion_Unit-01_02.jpg	image/jpeg	{"identified":true,"analyzed":true}	35364	oY+Q48k4i/o14O/V7HJVbw==	2021-04-06 22:15:53.155997
81	L3EHv4xRSEuBTBmiFmQQ9BKA	RG_Evangelion_Unit-01_03.jpg	image/jpeg	{"identified":true,"analyzed":true}	34090	46/TbDzScNybQCcN58O4jg==	2021-04-06 22:15:53.199258
82	rvBJ7JF9a6pxekMRi9b3wz1N	RG_Evangelion_Unit-01_05.jpg	image/jpeg	{"identified":true,"analyzed":true}	39252	W+SkBU1dvoDgnLaKaizx0g==	2021-04-06 22:15:53.209157
83	t3tGeJUWtNHLCFnUFk5K652W	RG_Evangelion_Unit-01_06.jpg	image/jpeg	{"identified":true,"analyzed":true}	31973	R65n1S8RVFh/hCosn9xRkQ==	2021-04-06 22:15:53.218996
84	BhVjuNFLY99Er6NHaRUdVjKi	RG_Evangelion_Unit-01_box.jpg	image/jpeg	{"identified":true,"analyzed":true}	66954	7E80Mycg4zqudjoQ+TjgTw==	2021-04-06 22:15:53.229162
85	8sQWjxLi2ubstarPT6JjRJLx	PG-Gundam-Astray-Red-Frame-1.jpg	image/jpeg	{"identified":true,"analyzed":true}	37894	fmXEqLdQ6IEnRHStGwaCCQ==	2021-04-06 22:17:25.609835
86	vX6G2jKJuPsEUkrad22kyG4b	PG-Gundam-Astray-Red-Frame-2.jpg	image/jpeg	{"identified":true,"analyzed":true}	43664	Oct2V9Y7qOeg8UDh+g+8AA==	2021-04-06 22:17:25.622523
87	NmdJYKo4ib1f92gTqiDR8FSv	PG-Gundam-Astray-Red-Frame-3.jpg	image/jpeg	{"identified":true,"analyzed":true}	39754	7QGZb9Uj8ZbmvmOecePuJg==	2021-04-06 22:17:25.632522
88	jTFSLjL54Vg2LTX4feiW6CzQ	PG-Gundam-Astray-Red-Frame-4.jpg	image/jpeg	{"identified":true,"analyzed":true}	62441	DGSGzUjiQM+XLGCPC75NZA==	2021-04-06 22:17:25.641656
89	rAuGcFR4nDZSU8HtZNcSB2s9	PG-Gundam-Astray-Red-Frame-box.jpg	image/jpeg	{"identified":true,"analyzed":true}	62586	RhpfFkqeNXOAjOYQeT4Dcg==	2021-04-06 22:17:25.650691
90	X7jck523ppBsbprKHgKDYpqn	RG-Nu-Gundam-1.jpg	image/jpeg	{"identified":true,"analyzed":true}	48946	DgAzrQTkxFWGdAhKWfbevg==	2021-04-06 22:18:23.789485
91	di8FNEv4fpe7nxoVhh6KkUbB	RG-Nu-Gundam-2.jpg	image/jpeg	{"identified":true,"analyzed":true}	48777	rkV/nGhrHLDHmEpTfGYYcQ==	2021-04-06 22:18:23.802114
92	8Lr6WVVNUAg9nxsp9nt3kFPw	RG-Nu-Gundam-3.jpg	image/jpeg	{"identified":true,"analyzed":true}	49680	b5GaQV8hchv1Am5RvxuL9Q==	2021-04-06 22:18:23.820149
93	y664hDz8jZwsLbLZPMut5QbM	RG-Nu-Gundam-6.jpg	image/jpeg	{"identified":true,"analyzed":true}	48710	8ykofpmaVmOXmMaGLmNo6g==	2021-04-06 22:18:23.831998
94	fymF322iZpHGqfbj2oErZw9b	RG-Nu-Gundam-8.jpg	image/jpeg	{"identified":true,"analyzed":true}	49798	dUnTUgM/jkSe4JW+VEWe3Q==	2021-04-06 22:18:23.842083
95	FYY9xqVeTNXZjwFCw76VTcqH	RG-Nu-Gundam-box.jpg	image/jpeg	{"identified":true,"analyzed":true}	84941	fCDBtWwDfyj8kjbeimXkMw==	2021-04-06 22:18:23.851228
96	pywfa3Qvh7UDMvCqQsqJun3L	RG_Gundam_Exia_boxart.jpg	image/jpeg	{"identified":true,"analyzed":true}	63996	FU43uF1Q/ry/E+zF/4psrQ==	2021-04-06 22:20:48.850545
67	YsbgkpWXmBpAJSde6PnygUFm	RG_Evangelion_Unit-02_02.jpg	image/jpeg	{"identified":true,"analyzed":true}	30904	KMMdIVzzwuDil6/Qvgl7Sg==	2021-04-06 22:13:13.422014
68	oRvX3BJeF9SXbM2L5UGiYX79	RG_Evangelion_Unit-02_03.jpg	image/jpeg	{"identified":true,"analyzed":true}	31972	X1kIV2Nt+BFrksMJn767iA==	2021-04-06 22:13:13.432917
69	88fQRpxyABLAy2PXaWj7PA9d	RG_Evangelion_Unit-02_08.jpg	image/jpeg	{"identified":true,"analyzed":true}	34733	rwnB+ERra4vbBrrZhapp1w==	2021-04-06 22:13:13.442622
70	9PNxe3w2z7mTERT7dTopJVMp	RG_Evangelion_Unit-02_10.jpg	image/jpeg	{"identified":true,"analyzed":true}	36129	X0JJCfA1I9y/SZXWqYUiiQ==	2021-04-06 22:13:13.453495
71	KgVUV5xyRV7Waxxw6SZ8in1x	RG_Evangelion_Unit-02_box.jpg	image/jpeg	{"identified":true,"analyzed":true}	75917	fuPhvBtsc2M4qWF2gepY8w==	2021-04-06 22:13:13.463168
72	H2MNKp6pX7grk6djKqRtPbZk	bans60765_0.png	image/png	{"identified":true,"analyzed":true}	550505	G1dnB2D2fomGyoVeoXxEZw==	2021-04-06 22:14:46.927157
73	XzEnARzcKGvRokn3NbPPUGG9	bans60765_1.jpg	image/jpeg	{"identified":true,"analyzed":true}	52173	HaF3X5mCo1LDEEKz+UWaQQ==	2021-04-06 22:14:46.938428
74	nNRBuG75ox7HSo5CvoSwTAgs	bans60765_2.png	image/png	{"identified":true,"analyzed":true}	1411299	TNp731LvG+tfoipMZVlgDA==	2021-04-06 22:14:46.954763
75	5A1ykkX8AxucaezCajUHPwFM	bans60765_4.png	image/png	{"identified":true,"analyzed":true}	570635	/yuyJVMWDKQil4+dvLe+NA==	2021-04-06 22:14:46.967197
76	SHhHPzoWQzcoA1Pg9fDDVbLo	bans60765_5.png	image/png	{"identified":true,"analyzed":true}	771879	JQ0UUTPRkuZmff8KCjUMtQ==	2021-04-06 22:14:46.983633
77	cBguTqtRVn317M4SiiQSjeCg	bans60765_8.png	image/png	{"identified":true,"analyzed":true}	1207024	GKwQi01OD1mYcLI8rwMsbg==	2021-04-06 22:14:46.999533
78	qrrrtCAKdo8LnTkkr2oofFRd	bans60765_9.png	image/png	{"identified":true,"analyzed":true}	1017017	melhV4iOjJF/piqZ3r2A2Q==	2021-04-06 22:14:47.015534
97	yNqdfSYsHcTecNXmaQSWciDA	RG_Gundam_Exia_05.jpg	image/jpeg	{"identified":true,"analyzed":true}	54531	ZARrulsC5r78JTm+XU7qTQ==	2021-04-06 22:20:48.864743
98	igS1fSuGE5siEv98gwzUeBbS	RG_Gundam_Exia_01.jpg	image/jpeg	{"identified":true,"analyzed":true}	52263	/xLsya4iMacknMnlInB/cQ==	2021-04-06 22:20:48.874681
100	t2e3p85ZKHZwJ1q2N3BaBECa	RG_Tallgeese_05.jpg	image/jpeg	{"identified":true,"analyzed":true}	39120	ZgUnChYuEk1c+joO6C10Ow==	2021-04-06 22:21:15.187584
101	u9G59nrhYv6MNz2bM14Ng2Uq	RG_Tallgeese_04.jpg	image/jpeg	{"identified":true,"analyzed":true}	47268	ZucP24s93RK8VLU1mvAAYg==	2021-04-06 22:21:15.198855
102	MGjTozPJPtDi6oJAUxAteWCw	RG_Tallgeese_03.jpg	image/jpeg	{"identified":true,"analyzed":true}	43921	9g5oUSW7CVFEQxY1Sq0JNw==	2021-04-06 22:21:15.209623
103	rLquRrXt7ugGYS9AJhHC6ngt	RG_Tallgeese_02.jpg	image/jpeg	{"identified":true,"analyzed":true}	46932	riwOUPxvo0Lap5gNr3PG1A==	2021-04-06 22:21:15.220906
104	zg9dfvTdELRQmf6kcnEYSkLa	RG_Tallgeese_01.jpg	image/jpeg	{"identified":true,"analyzed":true}	40180	8oHXhEKKLx14TUTw3quHNQ==	2021-04-06 22:21:15.23171
298	74zLRmSBrsbfwBvtfHYf58x8	yuyu.png	image/png	{"identified":true,"analyzed":true}	110147	2BiMS2eSz1wMBVZZ+Ld9kg==	2021-04-07 22:17:43.819684
301	n7uGgHPTsBqEQbBxV3Q3r37w	hxcbro.png	image/png	{"identified":true,"analyzed":true}	115096	vgGK20Jl67o8lg2znlBvlA==	2021-04-07 22:17:43.864965
295	dE3TzTkF3GQ5N2AdjQThbQCn	ssgod.png	image/png	{"identified":true,"analyzed":true}	114051	/TxmAcKmuC+dChijcQEajQ==	2021-04-07 22:17:43.772644
296	hSwnEDq7JvkV9eGxCtiVRqSL	vegeta.png	image/png	{"identified":true,"analyzed":true}	140709	eaEmjmC22g3jnaU5FkrZXA==	2021-04-07 22:17:43.787685
297	YTH4Dn6drDgALmHa9mzPCZsQ	gun.jpg	image/jpeg	{"identified":true,"analyzed":true}	18310	OWVQEiy6UOBbiruzWRJ50A==	2021-04-07 22:17:43.804559
299	YCwaz53No96FUDvUvG7yFhCJ	inu.webp	image/webp	{"identified":true,"analyzed":true}	10564	HJqGcAHZOl/5g8h5fr/frw==	2021-04-07 22:17:43.835611
300	bSqr2XwsCF5fwL3mwov4BpEN	agar.jpeg	image/jpeg	{"identified":true,"analyzed":true}	7203	YLxeXlrHpglnER24R2rttw==	2021-04-07 22:17:43.850196
302	p7WUWtbjhgBVQVfTrSvQ41v4	default_avatar.png	image/png	{"identified":true,"analyzed":true}	2077	BKkk5582U8xBVW1xVQoH+w==	2021-04-07 22:17:43.880416
303	V43EjmfkYLXFBg7USXSu1x9s	gundamn.png	image/png	{"identified":true,"analyzed":true}	69151	o3cikwOeMRX5WG1MzHzabA==	2021-04-07 22:17:43.895882
304	uPwtvLGBaiBneM7Vr3osr93X	gundamnsit.jpg	image/jpeg	{"identified":true,"analyzed":true}	10401	pnribR+dIYO+l9C5Dt/MTQ==	2021-04-07 22:17:43.920734
305	r5N7dUX71Nzsh3p2UBvRE7js	ayaya.png	image/png	{"identified":true,"analyzed":true}	112503	zLwMQnXYhtYxNex7Ev5uXQ==	2021-04-07 22:17:43.938276
306	MhYVgToS6fTe3aAhE9xQQRnQ	sdgundam.png	image/png	{"identified":true,"analyzed":true}	74921	S4gA40sXIX+nWdDIPJJuqg==	2021-04-07 22:17:43.953479
307	Df5bxtAqKnEfpjTVbDtBEi8t	naruto.png	image/png	{"identified":true,"analyzed":true}	66196	eRiapc7zT6JsUDkz3UY+qA==	2021-04-07 22:17:43.97151
308	bnQvtryDZFDVLn6zCGvkEsQk	girl.jpg	image/jpeg	{"identified":true,"analyzed":true}	16379	hB5rWOqYFpNGQQ+xrVsIPw==	2021-04-07 22:17:43.989502
309	e3qrSRrdjUf33TcYbxeoExaY	girl2.jpg	image/jpeg	{"identified":true,"analyzed":true}	14489	Z9r5aV1CCM8Ky5Cpxo8e4w==	2021-04-07 22:17:44.008794
310	CjvsnBtFtLKZaScfYawuSx8B	skull_troop.png	image/png	{"identified":true,"analyzed":true}	19421	3KpW6wzoAnKnQ9mTaXeKKw==	2021-04-07 22:17:44.024526
311	XYcH7kBR7aCRUHKC1Jep7LQn	profileIcon_v4t54gkzhpw41.png	image/png	{"identified":true,"analyzed":true}	165654	bblGlJDH0d796//v5Ma3YQ==	2021-04-07 22:17:44.044283
312	U64tZdTgNUtQ8AETeVZ1ZXDQ	headphones.png	image/png	{"identified":true,"analyzed":true}	139992	waSsMA6AFpVvk3a7j2CQFQ==	2021-04-07 22:17:44.061362
313	wxnSGmcH76wHXuzv1HXXoYVS	fairy.png	image/png	{"identified":true,"analyzed":true}	128577	RVSXxf9ognGb6pKx429UzA==	2021-04-07 22:17:44.076325
314	9pUuDhi1mz7g5kZ375J5XYMK	gundam.jpeg	image/jpeg	{"identified":true,"analyzed":true}	7066	iIaOyAfk9CtqJ/XpMw+B6A==	2021-04-07 22:17:44.090705
315	u6Lgj9YMyiEUxkDebSAesNA5	some_guy.png	image/png	{"identified":true,"analyzed":true}	123397	mbREtcqwS2t/xWEn+JzxNQ==	2021-04-07 22:17:44.106621
316	f1e4pWAuEPiV3PBQnnZEEqc1	gokuss.png	image/png	{"identified":true,"analyzed":true}	111838	eASjirNgwtIm1Kjy7FYuLg==	2021-04-07 22:17:44.121393
317	Mygb3kVMcxJnoqK5S7FMkkRQ	devious.png	image/png	{"identified":true,"analyzed":true}	110564	SNaKurV7EJqJW+Gurma3iQ==	2021-04-07 22:17:44.137396
318	aZ8q9p6uV3fG7T9EsVSuNF3d	gundamnhead.jfif	image/jpeg	{"identified":true,"analyzed":true}	10521	lanEBtgC9pSv5MiaW4Sllw==	2021-04-07 22:17:44.157122
319	4BLGoSsXire57xk5K3DMBPdi	fox_cat.jpeg	image/jpeg	{"identified":true,"analyzed":true}	10086	Exb4k5Q6P2guPVMs8IiSpA==	2021-04-07 22:17:44.176425
320	Lko1Aydm4eNvTScXyPR48zhN	sailor.jpg	image/jpeg	{"identified":true,"analyzed":true}	15094	JOPhX/CgfB1sGDuT1zvJKw==	2021-04-07 22:17:44.203197
321	8ypgmyBNCKbmDTWhXtu5i6Xr	b7bc4856aecb97fb4402669a6b8053f4.jpg	image/jpeg	{"identified":true,"analyzed":true}	15603	VFHE9pQuo0Zo1aKjFcEcJA==	2021-04-07 22:17:44.21788
322	wanYZtqoBvhXGjRK293aRUDC	girl_turning.jfif	image/jpeg	{"identified":true,"analyzed":true}	6664	oJZwCJ+pvZBeGhy/RIYptg==	2021-04-07 22:17:44.235357
323	HuNgooRYYpDAxx5J48ZoA1Y9	goku.png	image/png	{"identified":true,"analyzed":true}	175037	QC06x3ueA24AJxuiJqh7Vg==	2021-04-07 22:17:44.250337
324	9CfNk92559b6TLT9KKyxjv7y	worries.png	image/png	{"identified":true,"analyzed":true}	99315	t3IfT5ibTA3ksoRc0F8DOA==	2021-04-07 22:17:44.267562
325	aUeZdSCni6NePy4zYApfLsCK	goku.png	image/png	{"identified":true,"analyzed":true}	175037	QC06x3ueA24AJxuiJqh7Vg==	2021-04-07 22:34:49.82547
326	pJpeYRR2Vz3AwCzTqywx2CJN	ssgod.png	image/png	{"identified":true,"analyzed":true}	114051	/TxmAcKmuC+dChijcQEajQ==	2021-04-07 23:15:20.573063
327	fv3SZN1GrsLRPqnBrfARzxC7	default_avatar.png	image/png	{"identified":true,"analyzed":true}	2077	BKkk5582U8xBVW1xVQoH+w==	2021-04-07 23:19:35.543512
328	uQbtSdhTpjH9p3DyyQee97Z6	RG_Evangelion_Unit-02_box.jpg	image/jpeg	{"identified":true,"analyzed":true}	75917	fuPhvBtsc2M4qWF2gepY8w==	2021-04-07 23:44:56.441747
329	1cQ277bHxeMGQvA7KvK1DHK7	RG_Evangelion_Unit-02_10.jpg	image/jpeg	{"identified":true,"analyzed":true}	36129	X0JJCfA1I9y/SZXWqYUiiQ==	2021-04-07 23:44:56.454783
330	gdJWraLFuzV6QLFrLm5C6Ynm	RG_Evangelion_Unit-02_08.jpg	image/jpeg	{"identified":true,"analyzed":true}	34733	rwnB+ERra4vbBrrZhapp1w==	2021-04-07 23:44:56.467474
331	PGkx6Mn6eiXWLQ62hs3sNFKn	RG_Evangelion_Unit-02_03.jpg	image/jpeg	{"identified":true,"analyzed":true}	31972	X1kIV2Nt+BFrksMJn767iA==	2021-04-07 23:44:56.47718
332	UwfpG29hFQAswUJzVZe4FhCP	RG_Evangelion_Unit-02_02.jpg	image/jpeg	{"identified":true,"analyzed":true}	30904	KMMdIVzzwuDil6/Qvgl7Sg==	2021-04-07 23:44:56.485693
333	vC6KRtY3ivPWXNz9xYRcQ4KK	RG_Evangelion_Unit-02_01.jpg	image/jpeg	{"identified":true,"analyzed":true}	26929	hMFfo0oVgoEpwxjxnFv/Ng==	2021-04-07 23:44:56.494577
346	UDKYXpkfh33XSehMVnYqnxzq	RG-Nu-Gundam-box.jpg	image/jpeg	{"identified":true,"analyzed":true}	84941	fCDBtWwDfyj8kjbeimXkMw==	2021-04-07 23:59:54.324029
347	ofhVgJABv2gV8SFCANu1Lsxh	RG-Nu-Gundam-8.jpg	image/jpeg	{"identified":true,"analyzed":true}	49798	dUnTUgM/jkSe4JW+VEWe3Q==	2021-04-07 23:59:54.344453
348	ULrZ2WFQ19ATXap9yTYeQYk7	RG-Nu-Gundam-6.jpg	image/jpeg	{"identified":true,"analyzed":true}	48710	8ykofpmaVmOXmMaGLmNo6g==	2021-04-07 23:59:54.363083
349	MKEpr8dtzaWqv7VDGU7LC2Wp	RG-Nu-Gundam-3.jpg	image/jpeg	{"identified":true,"analyzed":true}	49680	b5GaQV8hchv1Am5RvxuL9Q==	2021-04-07 23:59:54.412939
350	dGSUJuFsw47jsFBeLYfSSchy	RG-Nu-Gundam-2.jpg	image/jpeg	{"identified":true,"analyzed":true}	48777	rkV/nGhrHLDHmEpTfGYYcQ==	2021-04-07 23:59:54.431185
351	fCZgCLvwXXAXGSmuVLHBaq31	RG-Nu-Gundam-1.jpg	image/jpeg	{"identified":true,"analyzed":true}	48946	DgAzrQTkxFWGdAhKWfbevg==	2021-04-07 23:59:54.448574
352	DTB9oBDyjgeV1aoes9fRXpVK	MG_Deathscythe_Hell_EW_Boxart.jpg	image/jpeg	{"identified":true,"analyzed":true}	99020	9GIJFO1FkY+yNthrU0Z58g==	2021-04-08 00:01:03.467418
353	GnMMzrtsQnLDqzWW5qKRsLJD	MG_Deathscythe_Hell_EW_03.jpg	image/jpeg	{"identified":true,"analyzed":true}	42018	R5HDcoWqV+ca4ATrZw2iIA==	2021-04-08 00:01:03.484247
354	35CjESx76aPHVpHG6zUDW5S6	MG_Deathscythe_Hell_EW_02.jpg	image/jpeg	{"identified":true,"analyzed":true}	41698	zNrcXGUjVRQeozvrhXVAOw==	2021-04-08 00:01:03.512999
355	6acjsUqaFaaJGnZUdfHSnQ2S	MG_Deathscythe_Hell_EW_01.jpg	image/jpeg	{"identified":true,"analyzed":true}	36500	7HkRME4457jkOeuVBKsRnw==	2021-04-08 00:01:03.529515
335	2MUXZ5xpPYH5fZf5EUSvF6nm	RG_Evangelion_Unit-01_06.jpg	image/jpeg	{"identified":true,"analyzed":true}	31973	R65n1S8RVFh/hCosn9xRkQ==	2021-04-07 23:45:29.675014
334	UJA3rYf5cAMFgL8ZNFYGBisr	RG_Evangelion_Unit-01_box.jpg	image/jpeg	{"identified":true,"analyzed":true}	66954	7E80Mycg4zqudjoQ+TjgTw==	2021-04-07 23:45:29.667256
336	7fpYkc4X2HQsmck13zSWLuxL	RG_Evangelion_Unit-01_05.jpg	image/jpeg	{"identified":true,"analyzed":true}	39252	W+SkBU1dvoDgnLaKaizx0g==	2021-04-07 23:45:29.689033
337	74RdBYttwssb9egqWiNcBmNS	RG_Evangelion_Unit-01_03.jpg	image/jpeg	{"identified":true,"analyzed":true}	34090	46/TbDzScNybQCcN58O4jg==	2021-04-07 23:45:29.704362
338	DpvkUFX7S6prVCCcV8cmSAvG	RG_Evangelion_Unit-01_02.jpg	image/jpeg	{"identified":true,"analyzed":true}	35364	oY+Q48k4i/o14O/V7HJVbw==	2021-04-07 23:45:29.717832
339	gwRwafAjFwxDkjSNWcxpARc6	RG_Evangelion_Unit-01_01.jpg	image/jpeg	{"identified":true,"analyzed":true}	32674	RLgJ4kp+F3QTAMvqZ7DDRw==	2021-04-07 23:45:29.727204
340	aopMTkQcYch1EL6qVqEQSgkt	MG-Gundam-Dynames-box.jpg	image/jpeg	{"identified":true,"analyzed":true}	101664	pfHdB/lJB81AlejvzNEXZA==	2021-04-07 23:58:23.905145
341	h2NghhKkqHCpjPqhcbq7AwQP	MG-Gundam-Dynames-9.jpg	image/jpeg	{"identified":true,"analyzed":true}	60625	V5A2PdYIqERkTB0yCv4qsw==	2021-04-07 23:58:23.914194
342	1tHho2BuQAU9PxnouBbvo2JX	MG-Gundam-Dynames-5.jpg	image/jpeg	{"identified":true,"analyzed":true}	47195	Z2VUDq2y7mJ2/sdLq8TyMw==	2021-04-07 23:58:23.933692
343	tyVscd9v3rPPL8VD5J3zWc3S	MG-Gundam-Dynames-3.jpg	image/jpeg	{"identified":true,"analyzed":true}	42210	q8LOXZGZzsty1pORe41HQw==	2021-04-07 23:58:23.94518
344	3Qxaxgi1qiZJ2JMnUghW9Gqh	MG-Gundam-Dynames-2.jpg	image/jpeg	{"identified":true,"analyzed":true}	50750	W/fCPiiK828lJav4ZtHndQ==	2021-04-07 23:58:23.954703
345	ueRwfTFXoJ9zHtWRfbF3N6dn	MG-Gundam-Dynames-1.jpg	image/jpeg	{"identified":true,"analyzed":true}	53159	nkekNCLG59Kpzhr1UJjZ9A==	2021-04-07 23:58:23.968959
356	qJfR9gabWo1VFDRERawVsE2p	zechs-resized.jpg	image/jpeg	{"identified":true,"analyzed":true}	16218	/hMYS/LFG9rcZM3wQM2nHg==	2021-04-08 03:19:30.464532
357	vVVibMT9CPdu6kLjrEvz3MR2	ssgod.png	image/png	{"identified":true,"analyzed":true}	114051	/TxmAcKmuC+dChijcQEajQ==	2021-04-08 17:29:55.911781
358	woDDKu14WueQaUsqQcvth55H	yuyu.png	image/png	{"identified":true,"analyzed":true}	110147	2BiMS2eSz1wMBVZZ+Ld9kg==	2021-04-09 20:53:03.732485
\.


--
-- Data for Name: ar_internal_metadata; Type: TABLE DATA; Schema: public; Owner: jmstump
--

COPY public.ar_internal_metadata (key, value, created_at, updated_at) FROM stdin;
environment	development	2021-04-06 21:53:37.360139	2021-04-06 21:53:37.360139
\.


--
-- Data for Name: gunplas; Type: TABLE DATA; Schema: public; Owner: jmstump
--

COPY public.gunplas (id, kit_name, gundam_name, grade, scale, gundam_series, created_at, updated_at) FROM stdin;
1	HGGTO RTX-65 Guntank Early Type	RTX-65 Guntank Early Type	High Grade	1/144	Mobile Suit Gundam: The Origin	2021-04-06 21:55:24.866576	2021-04-06 21:55:24.871654
4	HGGTO MS-06S Zaku II	MS-06S Char's Zaku II	High Grade	1/144	Mobile Suit Gundam: The Origin	2021-04-06 21:56:05.530744	2021-04-06 21:56:05.538394
5	RG RX-93 v Gundam	RX-93 v Gundam	Real Grade	1/144	Mobile Suit Gundam: Char's Counterattack	2021-04-06 21:56:40.852122	2021-04-07 23:59:54.460779
14	MG MS-07B Gouf (Ver. 2.0)	MS-07B Gouf	Master Grade	1/100	Mobile Suite Gundam	2021-04-06 21:59:38.142655	2021-04-06 22:04:10.747063
8	PG UNLEASHED RX-78-2 Gundam	RX-78-02 Gundam	Perfect Grade	1/60	Mobile Suite Gundam	2021-04-06 21:57:42.939413	2021-04-06 22:14:47.019801
11	MG XXXG-01D2 Gundam Deathscythe Hell	XXXG-01D2 Gundam Deathscythe Hell	Master Grade	1/100	New Mobile Report Gundam Wind: Endless Waltz	2021-04-06 21:58:27.137821	2021-04-08 00:01:03.534611
12	MG ZGMF-X10A Freedom Gundam (Ver. 2.0)	ZGMF-X10A Freedom Gundam	Master Grade	1/100	Mobile Suit Gundam SEED	2021-04-06 21:59:02.420771	2021-04-06 22:07:36.734141
9	RG Evangelion Unit-02	Unit-02	Real Grade	1/144	Neon Genesis Evangelion	2021-04-06 21:57:55.583461	2021-04-07 23:44:56.499301
6	PG MBF-P02 Gundam Astray Red Frame	MBF-P02 Gundam Astray Red Frame	Perfect Grade	1/60	Mobile Suit Gundam SEED Astray	2021-04-06 21:56:58.063494	2021-04-06 22:17:25.653837
10	MG RX-78-02 Gundam The Origin	RX-78-02 Gundam	Master Grade	1/100	Mobile Suit Gundam: The Origin	2021-04-06 21:58:20.077849	2021-04-06 22:09:51.494845
7	RG Evangelion Unit-01	Unit-01	Real Grade	1/144	Neon Genesis Evangelion	2021-04-06 21:57:26.55705	2021-04-07 23:45:29.730708
2	RG GN-001 Gundam Exia	GN-001 Gundam Exia	Real Grade	1/144	Mobile Suit Gundam 00	2021-04-06 21:55:36.629339	2021-04-06 22:20:48.877493
3	RG OZ-00MS Tallgeese (EW)	Tallgeese	Real Grade	1/144	Mobile Suit Gundam Wing	2021-04-06 21:56:04.225073	2021-04-06 22:21:15.235785
13	MG GN-002 Gundam Dynames	GN-002 Gundam Dynames	Master Grade	1/100	Mobile Suit Gundam 00	2021-04-06 21:59:12.958981	2021-04-07 23:58:23.972182
\.


--
-- Data for Name: gunplas_users; Type: TABLE DATA; Schema: public; Owner: jmstump
--

COPY public.gunplas_users (id, user_id, gunpla_id) FROM stdin;
34	162	3
36	162	4
47	162	5
49	163	8
53	163	5
56	163	4
57	162	8
58	163	13
59	163	9
60	163	10
61	162	6
67	165	11
71	165	10
73	162	10
\.


--
-- Data for Name: reviews; Type: TABLE DATA; Schema: public; Owner: jmstump
--

COPY public.reviews (id, title, rating, content_body, user_id, gunpla_id, created_at, updated_at) FROM stdin;
946	These are dark times indeed.	1	<p>Saepe optio numquam velit minima non nisi quo qui eaque cupiditate quia ut ab deleniti perspiciatis voluptas consequatur temporibus sit ut eos beatae laborum quam a provident dolor consequatur maiores.</p><p>Labore reiciendis quia vel cum accusamus voluptates qui impedit excepturi quibusdam deleniti neque odit sequi ut delectus est incidunt id architecto quisquam tenetur quidem ut culpa voluptatem laboriosam qui et.</p><p>Voluptatem voluptas dolorem consequatur aut et facere voluptatem pariatur officiis id tempora voluptatem dignissimos modi rerum eaque eos laudantium impedit nulla et velit iste.</p>	132	12	2021-04-07 22:17:37.008466	2021-04-07 22:17:37.008466
947	Anaria Shola.	2	<p>Reprehenderit non reiciendis laboriosam quia earum dicta voluptas magnam sint in a beatae dolor aut occaecati quod qui natus dolores sunt enim libero repellat ipsa nihil.</p><p>Magni est sunt cumque temporibus ea illo et dolore quia quo sit consectetur autem beatae eligendi aut aliquam iste modi molestiae doloribus nobis corrupti vel odio id laborum delectus et.</p><p>Id amet natus voluptas minima ea cumque qui quia molestias cum earum deserunt numquam eveniet et modi et non quia quos a tenetur impedit veniam enim dolores fugit sint libero eum et possimus voluptas consequatur maxime.</p>	132	9	2021-04-07 22:17:37.011926	2021-04-07 22:17:37.011926
948	Victory lies ahead.	3	<p>Quo nemo eum veritatis sint omnis ad et placeat iusto non quia omnis deserunt est voluptatem magnam nobis sit quam rerum commodi illum fugiat tempore culpa ut quos et dignissimos dolor eos ipsa.</p><p>Dolor voluptas consequatur praesentium dicta et voluptas sint qui eos quisquam aut magni enim rerum maiores id sint quod autem fugit dolorem repellendus quis velit odit possimus quia perferendis voluptate expedita quaerat exercitationem neque.</p><p>Illo consequatur similique et quo totam voluptas recusandae tempore ducimus praesentium consequatur nostrum nulla temporibus voluptatibus aperiam unde pariatur ex alias ratione corrupti accusamus voluptas et voluptas iure voluptatem delectus.</p>	132	4	2021-04-07 22:17:37.01508	2021-04-07 22:17:37.01508
949	I sell only the finest goods.	2	<p>Qui aut minus accusantium officiis beatae dicta magnam necessitatibus quibusdam libero sed ut temporibus aperiam voluptas laboriosam cupiditate enim aspernatur dolore sunt ratione nihil provident omnis assumenda eaque commodi non quis alias earum facere.</p><p>Sint alias dolor laboriosam sed velit et repellendus ut et eum dignissimos nostrum autem sed et numquam voluptatem explicabo beatae aut cumque natus ratione voluptate id saepe quam quo eligendi inventore tempore voluptas est ut.</p><p>Sint eos minima nam doloribus qui maxime eligendi consequuntur corporis voluptatem recusandae enim dolores qui unde quia veritatis qui dolore voluptatem ipsa pariatur non possimus soluta neque.</p>	132	12	2021-04-07 22:17:37.018645	2021-04-07 22:17:37.018645
950	Time is of the essence.	2	<p>Aut maiores blanditiis facere consequatur dicta reprehenderit itaque corrupti autem quibusdam sit saepe sed beatae numquam rerum odit velit qui est totam maxime quisquam in asperiores quidem voluptatibus amet temporibus ut.</p><p>Fugit tempora minima deleniti quo aut nobis tempore illo voluptas quis expedita ipsam sint delectus non eos qui dolor omnis ducimus sit recusandae ea velit placeat molestias sunt distinctio et omnis cum dolore.</p><p>Ad nostrum et earum qui ipsa voluptatem quae atque ratione id autem qui molestias dolores et possimus laborum magni sit sit quidem ducimus necessitatibus sint vel delectus excepturi impedit vel non occaecati.</p>	132	14	2021-04-07 22:17:37.021821	2021-04-07 22:17:37.021821
951	You waste my time.	5	<p>Ratione et dolorem pariatur nemo ut molestias ut et autem vero iure delectus perspiciatis dolorum minus doloremque molestiae aut in soluta numquam enim cupiditate doloribus sint deleniti iste ipsum.</p><p>Voluptatem et est et similique rerum eligendi nemo vel aspernatur eius nulla quo dicta molestias maiores odit eveniet quibusdam veritatis accusamus cupiditate et ut eos expedita consequuntur ipsum quis et.</p><p>Nisi et voluptatem iste sint voluptates tempora eius asperiores iusto illo qui ut quis ad assumenda explicabo consectetur veritatis est et unde qui voluptas earum tenetur illum corporis aut dolorum dolores dolorem ex velit magnam commodi incidunt.</p>	132	13	2021-04-07 22:17:37.025429	2021-04-07 22:17:37.025429
952	Do not loiter.	4	<p>Sapiente animi doloribus voluptate id fugit voluptatum repellat in est ut et maiores libero magnam veniam aperiam nam odio necessitatibus eos qui vitae nemo minima voluptatibus totam possimus molestiae.</p><p>Itaque ut delectus dicta aut debitis eveniet provident ut vel et consequatur mollitia quae voluptas aspernatur laudantium animi rerum dolores assumenda voluptatibus eum molestias quas fuga earum.</p><p>Distinctio odit aliquam aspernatur quia ut libero iusto minima quis accusantium rerum voluptas et iure alias dolor dolorem est praesentium est quo et maxime recusandae dignissimos.</p>	132	6	2021-04-07 22:17:37.029896	2021-04-07 22:17:37.029896
953	Run away pest!	1	<p>Commodi consequuntur praesentium ipsum occaecati aut voluptatem omnis voluptas itaque libero minus ex qui voluptates eos aperiam est sint voluptatem optio cupiditate enim ea ea veniam porro.</p><p>Asperiores natus quam magni et id in iste velit at et excepturi minus ipsum fugiat autem consequatur aut quo nesciunt qui quaerat et voluptatem illum beatae provident dolore molestiae sed quis voluptas et maxime assumenda eaque.</p><p>Alias voluptate quaerat consectetur quod laboriosam quia optio et praesentium laudantium consequatur aut nulla maiores facere atque voluptatum fugit magni error dolor sed nam voluptatem officiis vel molestias vitae est ipsa voluptatibus tempora.</p>	132	3	2021-04-07 22:17:37.032845	2021-04-07 22:17:37.032845
954	You waste my time.	4	<p>Laborum velit voluptas expedita error voluptatum laboriosam alias consequatur reiciendis ex eos dignissimos amet fuga voluptates tempore ipsam dolor culpa minus natus similique et corporis.</p><p>Hic est modi nulla dolor in autem nesciunt officiis omnis aut molestiae dolorem quo sunt saepe vel dolorum cupiditate est quae ad nobis illum non non quas alias possimus eius.</p><p>Maiores in incidunt consequatur voluptatum dolorem qui aut aut sunt eveniet sequi recusandae distinctio nihil sapiente praesentium voluptatem labore dolores alias culpa dolorem nobis repellat ea voluptates earum dolorum corrupti enim suscipit autem quae quis aliquam odio.</p>	132	12	2021-04-07 22:17:37.035675	2021-04-07 22:17:37.035675
955	Our enemies will fall.	4	<p>Voluptatum architecto minima et similique saepe accusamus nesciunt quaerat sed voluptatem consequatur sit perspiciatis quidem eius non omnis dolorem aliquid consequatur necessitatibus quasi sed laboriosam culpa quam fugit expedita delectus hic ab et libero enim sunt.</p><p>Ut tempora delectus omnis architecto deserunt sunt sequi doloremque quo itaque esse perspiciatis sed est dignissimos vel ratione qui doloribus explicabo pariatur sint est debitis enim voluptatibus.</p><p>Cum ad dignissimos quibusdam et autem quia porro ipsa error magnam ducimus et deleniti fugiat nobis consectetur ut earum similique impedit expedita odit aut aut.</p>	132	2	2021-04-07 22:17:37.038804	2021-04-07 22:17:37.038804
956	Anaria Shola.	1	<p>Voluptatem sit autem amet facere quia quae eum ipsum suscipit totam veniam eum neque architecto laudantium eius est et delectus officiis id non quo fugiat enim velit.</p><p>Sed dolor et rerum eligendi autem ut quia dolores sunt reprehenderit impedit unde voluptas voluptatem libero nisi earum eos iusto doloribus deleniti molestias neque.</p><p>Distinctio in repellendus temporibus blanditiis laborum nulla et cumque repellat laudantium rerum beatae eius sequi in voluptatum doloribus dolor sed officiis voluptatem libero accusantium.</p>	132	11	2021-04-07 22:17:37.042647	2021-04-07 22:17:37.042647
957	The Eternal Sun guides us.	3	<p>Ex nesciunt sunt est omnis sit ea at omnis quo illum sed et rerum vel pariatur nisi voluptatem optio sapiente qui modi impedit provident voluptas deleniti consequatur qui laborum.</p><p>Ipsum quo quia natus debitis ex tempore aspernatur ab et et animi beatae qui velit molestias eum itaque unde esse temporibus aliquam cum excepturi laborum veritatis et aut eos est quasi totam ullam a.</p><p>Tempora ad optio error ut ut quod tempore molestias corporis debitis autem quaerat accusantium impedit dignissimos natus omnis dolor illo ea distinctio alias porro rerum totam repellat molestiae laborum aut.</p>	132	6	2021-04-07 22:17:37.045987	2021-04-07 22:17:37.045987
958	Anaria'shoala.	4	<p>Nobis hic labore odio inventore aut magni accusamus assumenda cupiditate qui aliquam sint eos quia dolores tempore consequatur voluptatem asperiores et deleniti molestias vel ratione deserunt quis et voluptatem rerum reprehenderit.</p><p>Qui ipsa eos consequatur minus quis non sit nesciunt perferendis ut aut molestias quisquam rerum similique accusamus et voluptatem beatae nisi animi esse placeat maxime doloribus.</p><p>Et illo dicta optio animi ea omnis ex quis distinctio praesentium porro est natus est et sint dolor nulla sed vero vel tenetur sunt velit voluptas veritatis numquam et.</p>	132	5	2021-04-07 22:17:37.049538	2021-04-07 22:17:37.049538
959	Time is of the essence.	5	<p>Quo libero odit dolor expedita voluptas eligendi impedit eos est ad cupiditate rem quisquam quia necessitatibus non beatae cumque numquam exercitationem inventore aut quos omnis sit optio praesentium consequuntur et et atque error.</p><p>Esse adipisci voluptatem atque aliquid quia at facilis corporis totam nihil illo eum iusto deleniti quas qui distinctio facere quis maxime vel ab ullam voluptas autem velit aut.</p><p>Et sequi voluptatem neque occaecati nihil tenetur explicabo repudiandae aut ad voluptates nulla porro ex libero id dolores fuga odio nihil enim possimus aspernatur praesentium consequatur consequatur autem fugit et.</p>	133	14	2021-04-07 22:17:37.26559	2021-04-07 22:17:37.26559
960	Do not loiter.	2	<p>Blanditiis animi nihil harum enim rerum doloribus qui qui est earum labore esse facilis tempora corrupti eos voluptatem modi ut sed laborum ab praesentium numquam repudiandae saepe dolorem.</p><p>Qui blanditiis et voluptate harum iste sint debitis repellendus et et consectetur ut nihil reprehenderit perspiciatis consequatur rerum minus praesentium inventore quod suscipit similique omnis iusto explicabo consequatur dolor facere et recusandae eaque accusamus expedita distinctio.</p><p>Aperiam laudantium ut nesciunt iste necessitatibus earum consequatur et eius est enim repellat omnis illo sunt itaque in labore molestiae asperiores maiores molestias dolores autem possimus sunt vitae in consequatur facilis.</p>	133	5	2021-04-07 22:17:37.268533	2021-04-07 22:17:37.268533
961	Run away pest!	5	<p>Voluptas et nesciunt fugit velit et excepturi suscipit iste illo eum dolorem pariatur at aut unde fuga qui quod qui ex ab autem id consequatur necessitatibus perferendis aut provident nostrum nihil omnis odit.</p><p>Omnis debitis culpa deserunt quas dolor consequuntur repellendus sed recusandae eos doloremque magnam blanditiis quis dolorum et sed fugit a dicta itaque perferendis libero dolores ut nam.</p><p>Sed itaque est iste aut rem sequi optio qui esse ut aut odit labore voluptatem provident qui autem repudiandae sint temporibus sapiente eum quis ad molestiae consequatur laudantium.</p>	133	10	2021-04-07 22:17:37.2714	2021-04-07 22:17:37.2714
962	Our enemies will fall!	4	<p>Est id debitis distinctio similique voluptatem veritatis nobis in mollitia itaque neque laudantium dolor incidunt sed asperiores aliquam est quia officia velit quas earum sapiente.</p><p>Debitis eaque odit repellendus rerum at dolor est dolores id blanditiis in sit hic aliquid ut accusantium porro minus ducimus enim facilis quibusdam cumque sit aliquam iste aut incidunt quis delectus perspiciatis asperiores similique optio suscipit.</p><p>Autem et iste quibusdam corrupti voluptatem consequuntur sapiente hic quaerat omnis quasi et fuga qui nemo veniam error nam voluptatem maiores earum nihil repellendus enim et in iure aut beatae perferendis ratione aut saepe ut aliquam.</p>	133	13	2021-04-07 22:17:37.274631	2021-04-07 22:17:37.274631
963	Death to all who oppose us!	5	<p>Voluptates eum est beatae aliquid harum sit nobis et eos ea aut maiores quia dicta earum est culpa quasi quidem unde aut tempora modi sit et ipsa vitae.</p><p>Veniam molestiae quos et beatae pariatur consequuntur ducimus nemo eligendi dolore dolores enim dolor voluptas laboriosam quam distinctio ratione qui ut sequi delectus adipisci id earum facilis aut in eveniet dolorem numquam magni ut iure exercitationem.</p><p>Maxime facere ad ratione quo et maiores vel dolor reiciendis consequatur sapiente rerum iure laboriosam eius excepturi incidunt cum repellendus molestias aliquid ut quae illo dolores atque neque.</p>	133	5	2021-04-07 22:17:37.277916	2021-04-07 22:17:37.277916
964	Do not loiter.	2	<p>Quis sint quod praesentium ut ea delectus cum iusto ducimus dolorem aut earum qui temporibus odit suscipit aut explicabo dicta dignissimos nisi consequatur doloribus voluptas similique quis corrupti.</p><p>Laudantium aut quod animi eveniet consectetur minus temporibus ut iste suscipit incidunt cupiditate voluptatem sed dolores eius dolorum unde debitis qui voluptatem quo recusandae numquam fugiat qui necessitatibus voluptate officiis est alias totam.</p><p>Doloremque sint in quis rerum molestias perferendis quia nulla non tenetur eum ut sed porro earum soluta deleniti distinctio debitis ea tempore ea quia autem eligendi asperiores velit ipsam adipisci voluptates animi in est consectetur ut.</p>	133	9	2021-04-07 22:17:37.281472	2021-04-07 22:17:37.281472
965	I sell only the finest goods.	2	<p>Unde aut error nisi ducimus a cumque voluptates tempore assumenda aliquam nihil consequatur atque in alias nihil ipsa facilis itaque dolor explicabo beatae et debitis nulla.</p><p>Voluptatem a maiores itaque numquam sunt libero laboriosam soluta provident quia voluptatum reprehenderit error impedit quia beatae pariatur omnis ut quia et aliquam minima deserunt magni et vel vitae sit optio.</p><p>Tempore nobis quaerat aut aut dolor quae eius illum sint ducimus maxime quasi perspiciatis modi voluptates officia aliquid iusto deserunt dicta sed repudiandae cumque quo.</p>	133	9	2021-04-07 22:17:37.284524	2021-04-07 22:17:37.284524
966	Stay the course	2	<p>Assumenda et explicabo corrupti incidunt commodi sit temporibus quia ipsam est dicta dolorum sed ut libero sequi accusantium aut eligendi minima quia veniam optio excepturi fugiat delectus autem esse atque laudantium tempora suscipit dignissimos.</p><p>Corrupti amet porro et sed quasi quidem nostrum voluptatem aspernatur perspiciatis est rerum suscipit atque aut et autem voluptates qui maiores recusandae aut quae sit id eos ut aut non temporibus sequi aut sunt tempore.</p><p>Ut dignissimos placeat est a vero similique perferendis repellendus rem asperiores corporis hic minima voluptatem sit nemo omnis vel quo ullam velit enim eos non voluptas repellat quis rerum nobis.</p>	133	14	2021-04-07 22:17:37.2882	2021-04-07 22:17:37.2882
967	What Business have you?	5	<p>Eius similique earum aspernatur corrupti veniam reiciendis et aut nisi enim voluptates magni praesentium quos eveniet exercitationem et omnis dignissimos aperiam quo animi ut quia accusamus.</p><p>Est consequuntur excepturi nisi cumque dicta maiores ut occaecati debitis suscipit aut eveniet et mollitia quas hic vero veniam et in non nihil reprehenderit cum iure in saepe quia cupiditate est quis repellendus asperiores.</p><p>Ut non ipsam hic reprehenderit minima labore in rerum autem mollitia placeat voluptates harum rerum consectetur quia voluptas sequi omnis ea omnis consequatur et dolor cupiditate suscipit et debitis maiores quia id iusto.</p>	133	7	2021-04-07 22:17:37.291236	2021-04-07 22:17:37.291236
968	Shorel'aran.	5	<p>Eos optio sit reprehenderit vitae consequatur molestiae ut vero asperiores cumque voluptas eaque possimus quo ex et blanditiis quia dignissimos quis dolore distinctio perferendis.</p><p>Ipsa ut alias est deserunt cumque sed consequatur vel sint ullam veritatis dolor autem fuga voluptatum neque maiores sit consequatur error temporibus in animi doloribus qui sunt blanditiis quae sequi voluptatem aut rerum mollitia est odio dolores.</p><p>Aut perspiciatis quis laborum distinctio similique voluptas adipisci esse et sit vel quas ipsam quo doloribus omnis ut qui voluptatem tenetur ut natus autem hic.</p>	133	8	2021-04-07 22:17:37.293943	2021-04-07 22:17:37.293943
969	Bal'a dash, malanore.	3	<p>Est consequatur sit nam rerum ut necessitatibus aut labore quibusdam porro et fugit et qui nesciunt inventore consequuntur provident vero in amet ut quod fugiat eum id ut sequi consequatur et.</p><p>Alias enim consequatur nisi enim vel incidunt facilis iusto corporis fuga sapiente corrupti quis sit cum suscipit voluptates facere maiores autem ad optio qui aut esse nemo et ut sed rerum aspernatur.</p><p>Fugit perferendis architecto vero cum totam saepe corporis eos earum quidem nihil voluptates sit nam qui ullam distinctio quis et aut reiciendis ducimus explicabo officiis nemo ut commodi quia dignissimos molestiae sequi et nisi aut officia.</p>	133	13	2021-04-07 22:17:37.296656	2021-04-07 22:17:37.296656
981	The dark times will pass.	4	<p>Animi est ut illum et dolores distinctio modi quos inventore repellendus beatae dolorum et officiis ad sequi sunt natus ut deserunt quis eum aut reprehenderit id aperiam voluptatem.</p><p>Consequatur autem minus cupiditate soluta iusto et doloribus dolor est velit eaque sed molestiae laboriosam ut veritatis voluptatum at perspiciatis provident itaque adipisci ex ducimus et fugit deleniti ut id nobis totam fuga nam.</p><p>Asperiores qui aperiam qui qui sunt aut corporis veritatis sed incidunt quia et enim rerum corrupti aliquid fuga qui dolorum voluptatem est tenetur quae eveniet.</p>	134	9	2021-04-07 22:17:37.53239	2021-04-07 22:17:37.53239
970	We will have justice!	4	<p>Omnis rerum ad non totam qui accusamus nesciunt autem et debitis maiores quo inventore commodi aut iste incidunt repellat et in aut non harum dolorum nihil voluptatem numquam dolorem repellendus sed ullam hic aperiam occaecati sapiente ut.</p><p>Ut incidunt molestias sed ut accusantium necessitatibus modi facere sunt blanditiis iste veritatis ab est enim consequuntur possimus velit repellendus consequatur sapiente voluptatum fuga.</p><p>Praesentium voluptas earum quidem totam harum fugiat accusamus consequatur adipisci mollitia qui ipsa commodi unde libero accusantium dolorem esse aut est aliquid natus consectetur velit est voluptatibus est necessitatibus ipsum nihil.</p>	133	8	2021-04-07 22:17:37.299455	2021-04-07 22:17:37.299455
971	Time is of the essence.	4	<p>Enim suscipit et consequuntur beatae autem voluptatum sit nihil ipsum consectetur accusamus quibusdam labore rem non deleniti quo qui ratione quod omnis est animi.</p><p>Debitis consequatur qui suscipit voluptatem nisi enim id id ut numquam dicta eius incidunt perspiciatis esse dolor asperiores inventore facilis libero voluptatem tempora beatae eum itaque atque voluptates molestiae non harum culpa voluptas voluptas.</p><p>Tempore repellat numquam inventore vel in repudiandae nulla culpa eos nihil dolore doloribus laborum impedit velit qui illum odit ut provident quisquam veniam modi eligendi ipsam sint.</p>	133	11	2021-04-07 22:17:37.302814	2021-04-07 22:17:37.302814
972	Keep your wits about you.	1	<p>Tempore quis aut officiis sed sint in et doloremque maxime error laboriosam ipsa odio debitis voluptatem exercitationem nihil et iste aut ut corporis repellat facilis dicta qui.</p><p>Ad corporis voluptatem voluptatum aut provident sequi voluptas quam praesentium tenetur est rerum nam voluptatibus commodi laboriosam ullam eaque nemo possimus repellendus placeat facilis rem tempora quos occaecati nihil.</p><p>Quisquam sit omnis exercitationem facilis quae dolorum neque voluptatibus quod debitis veritatis quos sint velit culpa ducimus atque officiis id omnis porro unde sed tempora possimus et.</p>	133	12	2021-04-07 22:17:37.30566	2021-04-07 22:17:37.30566
973	Death to all who oppose us!	2	<p>Iste rerum molestiae voluptatem omnis nam mollitia est culpa facere iusto saepe repudiandae quo expedita minima molestias non dolore id fugiat sint perferendis rem ex.</p><p>Voluptas ut nemo facilis incidunt ullam aut illo et possimus optio architecto molestiae et voluptatem quaerat omnis alias ut laudantium explicabo perspiciatis est voluptatem veniam deserunt autem accusamus.</p><p>Blanditiis voluptates voluptas voluptatum omnis beatae nostrum dolore maxime aliquam rerum non est quae ipsam qui in veniam doloribus debitis et porro velit voluptatem suscipit atque et quod praesentium.</p>	134	12	2021-04-07 22:17:37.50652	2021-04-07 22:17:37.50652
974	Everything has a price.	4	<p>Et aut iste commodi ut sed nostrum qui molestiae omnis excepturi aliquam quia necessitatibus sint doloribus dolorem quasi est qui reprehenderit reiciendis voluptas quod dolore nam voluptas praesentium ut perferendis facere iusto non autem.</p><p>Blanditiis doloribus ullam in numquam cumque suscipit tenetur error iusto sit et nostrum fugit adipisci totam soluta explicabo inventore qui odit ipsum nisi eaque dolorem nesciunt hic consequatur similique et asperiores distinctio vero rerum.</p><p>Qui modi et deleniti ut explicabo excepturi ex nulla ipsam hic asperiores quos at aliquam possimus illo quidem id voluptatem eius quas optio et aut aperiam itaque et accusamus labore occaecati mollitia provident.</p>	134	8	2021-04-07 22:17:37.509951	2021-04-07 22:17:37.509951
975	Time is of the essence.	2	<p>Quia accusamus quo fugit commodi aliquam nostrum non sit ut aut velit corrupti aut sint quia sed eius nam aut illum excepturi quam hic in dolor cupiditate.</p><p>Ut optio nulla esse itaque non rerum nam omnis nihil beatae consequatur ducimus asperiores sed hic perferendis cum aliquam officiis et ipsum similique provident accusantium sit.</p><p>Eveniet aut eos officiis quam beatae rerum animi et enim dolor iure odit suscipit dolore dolorum at quia reiciendis quo mollitia illum illo excepturi a laboriosam ut saepe fugit et odio non voluptate quia aspernatur est non.</p>	134	1	2021-04-07 22:17:37.513458	2021-04-07 22:17:37.513458
976	Ah, you have a death wish.	1	<p>Magnam sit voluptatem necessitatibus est consequuntur quam hic aut odio non laboriosam consectetur ratione veritatis corporis et nam cum quod nobis in voluptate voluptas assumenda quidem porro quasi laudantium quisquam expedita qui reprehenderit ex.</p><p>Ut in nostrum distinctio incidunt consectetur veritatis hic est quia architecto modi dolorem occaecati asperiores aspernatur accusantium ea rerum amet officiis omnis placeat est et.</p><p>Et qui molestias et in dolorum velit libero doloremque veniam consequatur sint minus eius rerum voluptatum nihil quia est dicta quas ut sit aut similique culpa neque.</p>	134	8	2021-04-07 22:17:37.516479	2021-04-07 22:17:37.516479
977	The Eternal Sun guides us.	5	<p>Vel eligendi aperiam consequuntur similique doloribus impedit accusamus unde est cumque est rerum hic quo quam rerum necessitatibus ad veniam nemo est et est odit nostrum ullam accusantium ut saepe aliquam culpa.</p><p>Perferendis laborum culpa et veritatis itaque et quaerat minus nulla vel nihil temporibus rerum ea deleniti et fuga eius perspiciatis ratione ut inventore sequi sed.</p><p>Et praesentium quia beatae eligendi consequatur non hic necessitatibus magnam explicabo est quisquam qui aliquid voluptates facilis aut fuga doloribus similique doloremque dolor aperiam alias ratione sequi consequatur assumenda voluptatibus exercitationem eum nihil consectetur ut.</p>	134	11	2021-04-07 22:17:37.519492	2021-04-07 22:17:37.519492
978	Glory to the Sin'dorei.	2	<p>Est molestiae consequatur ullam perspiciatis quos et totam nulla atque veniam doloribus perferendis quia facere quisquam amet quidem qui est optio vitae et aliquid aut autem architecto voluptas corrupti.</p><p>Ipsa minima autem quo repudiandae consectetur ducimus molestiae magni temporibus qui est quo quisquam dolores repellat error illum et enim mollitia praesentium tempore explicabo quia cum voluptatem.</p><p>Rerum tempora voluptatum culpa molestias fugit voluptas quo et est laudantium ut et atque harum alias modi sit ipsam quis aut mollitia animi pariatur tempore.</p>	134	11	2021-04-07 22:17:37.522585	2021-04-07 22:17:37.522585
979	We will persevere!	1	<p>Fugit vero omnis eius velit accusamus autem nobis eos sequi omnis doloremque incidunt voluptatibus repudiandae reiciendis dolores officiis eos voluptatem illum corporis qui accusantium quo ut cum.</p><p>Voluptatum atque excepturi aperiam iste sint inventore explicabo commodi et nisi alias dolorem doloribus laborum placeat aliquid velit cum et esse cumque in delectus officiis aut aut facilis.</p><p>Repudiandae cum amet perspiciatis ipsum molestias iure minus et id alias voluptas consequatur velit accusamus qui animi vero soluta ex temporibus quis sit ut adipisci cupiditate quas voluptatem saepe labore enim aut.</p>	134	3	2021-04-07 22:17:37.525624	2021-04-07 22:17:37.525624
980	These are dark times indeed.	5	<p>Consequatur dolores autem consequatur veniam laudantium doloremque est necessitatibus qui esse minima ut neque assumenda repellat vel et commodi natus voluptatem tempora et enim quidem.</p><p>Dolor cupiditate doloribus sed eos voluptas officia ab qui nihil eveniet voluptatem accusamus consequatur earum qui velit non numquam unde minima veritatis aut nam voluptate id consectetur necessitatibus.</p><p>Et non debitis quae unde est officiis earum delectus mollitia ad saepe aspernatur molestiae eos et modi molestiae esse in nulla illum consequatur consequatur aperiam quod nam asperiores tempore consectetur veritatis et distinctio.</p>	134	2	2021-04-07 22:17:37.528847	2021-04-07 22:17:37.528847
982	Do not loiter.	5	<p>Iste explicabo qui atque quam occaecati aut ut quis eum nam animi quia quia dolorem distinctio laboriosam quia et assumenda ipsam nobis praesentium consequatur error magni quo libero sunt voluptas.</p><p>Sint ipsa nemo et repudiandae corrupti sint ducimus qui quibusdam officia aspernatur autem aut vel in magni mollitia est voluptatem voluptatem dolorum in nam totam illo est minima impedit dolore odit.</p><p>Quos et qui iusto aut omnis ad aut dignissimos alias vitae provident est eveniet rerum sit ut repellat odit rerum neque qui iste at et harum temporibus praesentium et voluptas quod unde magni sint beatae reiciendis.</p>	135	6	2021-04-07 22:17:37.73702	2021-04-07 22:17:37.73702
983	Remember the Sunwell.	4	<p>Eaque quas ea nihil velit debitis voluptas nemo nisi maxime molestiae alias aliquam quasi quod pariatur in ullam iure numquam sed ut possimus optio omnis nostrum temporibus saepe aut.</p><p>Blanditiis quaerat et ipsam et adipisci alias magnam nisi quia quia molestiae sed minima officiis vel omnis odio aperiam cumque ipsum sit molestiae porro quae nobis officia iure ut sit consectetur quia inventore.</p><p>Neque ab earum eaque delectus quis nobis error doloremque fugiat et quam accusamus eos aliquid ex maxime omnis id odit rerum velit quae quibusdam.</p>	135	11	2021-04-07 22:17:37.739899	2021-04-07 22:17:37.739899
984	Everything has a price.	5	<p>Et odio velit qui sed omnis harum enim voluptas molestias reiciendis et quasi est suscipit deserunt dolorem ipsum eligendi omnis vel voluptas et nihil animi libero ut est sit ad quos quia architecto dolores a.</p><p>Placeat autem quos recusandae ut quasi est mollitia voluptatem nemo doloribus repellat soluta et facere est quae est provident saepe iure non eveniet consequatur aut sint sint.</p><p>Expedita tenetur voluptatem aperiam ipsa corrupti quia quia eos adipisci tempora officia ut porro ad cupiditate iure rem et est et ullam dolores at soluta facere exercitationem.</p>	135	12	2021-04-07 22:17:37.742867	2021-04-07 22:17:37.742867
985	Run away pest!	5	<p>Quos aut et ut non voluptas est veritatis quibusdam veniam quia minus minima tempore et quaerat maiores maxime id deleniti sapiente qui impedit amet aut asperiores quasi sit repellat.</p><p>Voluptatem debitis quod suscipit fugit aspernatur harum blanditiis quo provident error aperiam est in rem alias in rerum praesentium quia voluptate odit esse aut mollitia quia nisi eos doloribus aut odio ut at ab culpa.</p><p>Repellendus saepe officiis cum velit eaque vero enim tempora alias vitae dolorem dolor voluptas et et numquam corrupti modi voluptatibus rerum voluptatem est quod impedit.</p>	135	4	2021-04-07 22:17:37.745802	2021-04-07 22:17:37.745802
986	Ah, you have a death wish.	4	<p>Consequatur adipisci quam magni delectus deleniti qui deserunt sunt quibusdam ab vel dicta doloribus quos voluptatem repellendus dolore eos libero ratione doloremque non et et sed autem maxime enim nostrum quis qui nihil consequatur sequi.</p><p>Itaque voluptate totam dolor ipsa sed atque mollitia error repudiandae quis nesciunt illo modi dolores est voluptates omnis praesentium aut est a hic sunt sunt quia ipsam sapiente quae quaerat nihil delectus nam odio voluptatem qui.</p><p>Quos dolores ut adipisci dolorum tempore aut minus ut rem dolorem a omnis excepturi impedit et et ut sed mollitia repellendus non amet libero est quo voluptatem fuga in.</p>	135	9	2021-04-07 22:17:37.748472	2021-04-07 22:17:37.748472
987	I had little patience to begin with.	2	<p>Repellendus quasi animi at sunt quam occaecati nulla minus est aspernatur dolor cum culpa maiores iusto expedita officia et ut suscipit maxime natus libero consectetur id ut error similique quidem velit.</p><p>Ab quo rerum accusamus nesciunt consectetur expedita praesentium veritatis omnis odit qui rerum quisquam iure ut est sunt porro non beatae minima quis aut quas.</p><p>Et debitis distinctio nulla odit vitae et quo deleniti sed cum fugiat sed similique dolorem modi et labore sit commodi harum blanditiis repellat pariatur non possimus molestias explicabo quisquam porro velit natus laborum assumenda.</p>	136	10	2021-04-07 22:17:37.948309	2021-04-07 22:17:37.948309
988	It is a wonder you have lived this long.	3	<p>Et molestias quas unde est qui quia voluptas reprehenderit voluptas autem voluptatibus corrupti ipsam voluptas dolorem ut necessitatibus modi aut recusandae maiores occaecati veritatis ut rerum incidunt sequi.</p><p>Eos voluptatem eveniet in corporis porro nostrum ut officia aut eius necessitatibus adipisci incidunt recusandae qui cumque voluptas et debitis nulla qui sunt ipsa beatae minus voluptate.</p><p>Aperiam reiciendis harum et voluptatum quisquam et ut necessitatibus at autem libero dolorum molestiae saepe consequuntur distinctio provident quaerat quia repudiandae esse temporibus enim quia incidunt nostrum omnis.</p>	136	14	2021-04-07 22:17:37.951187	2021-04-07 22:17:37.951187
989	What business have you?	5	<p>Error quo odit earum ullam eius voluptate voluptatem nam commodi quas voluptates et ut quam recusandae fuga vitae enim quaerat quisquam quibusdam assumenda et quis sed quo.</p><p>Assumenda aut eligendi ullam molestiae qui cupiditate aspernatur quia maiores ut non inventore omnis ut dolor similique quod sequi repellendus quia tempora veritatis autem necessitatibus id iste.</p><p>Rerum est sit fugit architecto nam ut incidunt id consequatur suscipit voluptatum sint et consequatur voluptatem iusto deleniti labore est nemo aliquam quia laboriosam aut necessitatibus.</p>	136	1	2021-04-07 22:17:37.953924	2021-04-07 22:17:37.953924
990	An'u belore delen'na.	2	<p>Rerum cum quibusdam facere quia similique non inventore debitis commodi est et facilis vitae autem nostrum odit totam aliquid placeat eos recusandae nobis quas aliquam at corporis ad ea minus officia hic perferendis quis.</p><p>Expedita aut laboriosam vitae nemo nobis ipsum consequatur velit praesentium officiis est provident minima iure repellat aut exercitationem animi et voluptatem quaerat repellendus cum veritatis totam.</p><p>At illo est alias ipsum sint ratione et unde quia sequi atque aut est rem impedit sed esse rerum beatae quisquam vitae aliquid exercitationem officiis eum.</p>	136	13	2021-04-07 22:17:37.956838	2021-04-07 22:17:37.956838
991	Ah, you have a death wish.	4	<p>Alias quisquam et aliquam sit illum impedit odio repudiandae et mollitia reiciendis voluptas asperiores ex quasi molestiae eos optio omnis nihil aut dolores sed corrupti nisi harum reprehenderit distinctio expedita doloremque eveniet praesentium.</p><p>Expedita ipsum et impedit alias ut sed ut reprehenderit odit dolor soluta excepturi neque est animi illo cum sit sed sit qui molestiae non quibusdam consequatur distinctio ab est veritatis fugit earum possimus.</p><p>Dolor architecto voluptate eaque iusto aliquam ipsa et quisquam ut veniam ullam at et ex recusandae dolorem dolore debitis facilis consectetur sequi accusamus et odit esse itaque hic quam.</p>	137	9	2021-04-07 22:17:38.157435	2021-04-07 22:17:38.157435
992	Ah, you have a death wish.	3	<p>Esse officia dignissimos beatae omnis vero consequatur similique eum quos dicta cum unde quasi nesciunt voluptas quam molestiae iure nobis et impedit quo et non earum reprehenderit sed provident mollitia quaerat occaecati ut.</p><p>Id pariatur vel culpa vero assumenda impedit ab consectetur laborum deserunt et molestias placeat tempore et perspiciatis voluptatem quis sed non eos delectus possimus rem quia aliquid libero et quaerat deleniti quos tempora quas nulla.</p><p>Et ea qui est quia in blanditiis beatae possimus quod sunt placeat dolor quibusdam id iste vel hic sunt tempore dolores et ducimus culpa non et nostrum minima id rerum nihil maxime enim consequuntur aut.</p>	137	10	2021-04-07 22:17:38.160798	2021-04-07 22:17:38.160798
993	Choose wisely.	4	<p>Sunt sed voluptas doloremque voluptatem qui nulla et rerum asperiores at reprehenderit magni repellendus itaque ut a necessitatibus est cum eos nostrum quidem libero quo enim omnis vel blanditiis veritatis odit ut.</p><p>Recusandae vitae et delectus maiores enim est fugit iusto molestiae voluptatum tempore nisi omnis quos deserunt qui hic porro mollitia necessitatibus omnis odit in aut atque dignissimos expedita explicabo.</p><p>Optio sit quia aut quisquam sunt veritatis quam et veniam dolorem eum itaque autem architecto consectetur placeat minus aut totam dolorum et accusantium deserunt ut eos.</p>	137	11	2021-04-07 22:17:38.164461	2021-04-07 22:17:38.164461
994	Run away pest!	4	<p>Reprehenderit eaque et debitis vel qui repellendus harum ipsam velit fugit sit voluptatum repellat rem dolor odit maiores autem omnis explicabo asperiores impedit est totam et eos voluptatem enim sed commodi in aut sunt corporis mollitia.</p><p>Ex accusamus ut cum sit saepe necessitatibus deleniti exercitationem dolorum consequatur non ut recusandae voluptas laboriosam ad est enim maiores impedit quod et assumenda quasi in aperiam at quaerat quas ullam fugit delectus.</p><p>Provident autem in ea rerum sed ipsam numquam ullam cumque non deleniti voluptatibus id facere quidem ex dolorem ab repellendus aut perferendis expedita sint alias neque quia inventore consequatur facilis.</p>	137	14	2021-04-07 22:17:38.167709	2021-04-07 22:17:38.167709
995	Your gold is welcome here.	3	<p>Animi itaque consectetur dolores aperiam rerum labore delectus reprehenderit soluta ipsa sequi iusto quisquam occaecati voluptas similique ullam ut iste consequatur voluptatem sint eos quidem deleniti a est blanditiis vel fugit.</p><p>Accusantium voluptatem quaerat nisi aut non dolor id ut at quidem repudiandae minus odio accusamus eaque dolores quisquam est aut tenetur sint delectus molestias ducimus aliquam sed.</p><p>Perspiciatis hic non dolores laudantium fugiat incidunt dolores voluptatem dolorem delectus ipsa quos repellendus explicabo quia consequuntur porro nobis aspernatur nesciunt quaerat asperiores optio minus eos ex est mollitia et.</p>	137	11	2021-04-07 22:17:38.170985	2021-04-07 22:17:38.170985
996	Mind yourself.	2	<p>Commodi reprehenderit recusandae quasi quia ab eos repellat expedita voluptas repudiandae voluptatem consequatur aut aut quae rerum omnis id molestiae nulla et harum odit nihil necessitatibus ut eum omnis dolorum suscipit.</p><p>Ab totam temporibus unde possimus cumque ea commodi tempora quia vel nemo id impedit aliquam quam consectetur adipisci maxime qui vero doloribus cupiditate ut.</p><p>Est veniam minus eveniet quia officiis autem ut similique accusamus magnam et nihil vitae quo molestias minima ducimus et officia voluptatem tempora est sapiente corporis quae expedita.</p>	137	10	2021-04-07 22:17:38.18251	2021-04-07 22:17:38.18251
997	Stay the course	4	<p>Repudiandae vel sint cupiditate sed corporis recusandae perferendis animi et odit omnis facere quis ipsa optio numquam et architecto ad quos quia quis dolores natus.</p><p>Enim placeat illo odio ea tempore modi iusto qui atque ea eum quia quam itaque officia debitis quos quo reprehenderit est nobis deleniti quis natus accusamus veniam voluptatem quis quae sed soluta hic ratione suscipit.</p><p>Ex mollitia voluptatem vero similique pariatur rerum possimus earum repellendus nisi quam assumenda in qui doloremque consequuntur dolorum sed ut omnis fugit nihil est quia repudiandae.</p>	137	10	2021-04-07 22:17:38.185759	2021-04-07 22:17:38.185759
998	The reckoning is at hand!	4	<p>Ad vitae sed sapiente enim et atque totam quibusdam autem excepturi magnam ex error possimus fugiat consequuntur dolorum autem illo ab ut id voluptates iure suscipit tenetur quis unde alias incidunt esse sit officiis temporibus.</p><p>Eaque explicabo qui nesciunt sint debitis voluptatibus illum ea ducimus ut quod corrupti minima voluptate odit fuga sit similique omnis incidunt sapiente autem ipsa nemo exercitationem.</p><p>Magnam nesciunt dolorem est quasi quis recusandae enim voluptatum tempore illo magni deleniti in veritatis asperiores excepturi consequuntur distinctio velit exercitationem rerum vel iusto ut consectetur voluptatem mollitia beatae eos placeat non in.</p>	137	6	2021-04-07 22:17:38.189021	2021-04-07 22:17:38.189021
999	I have one of a kind items.	1	<p>Ea ipsam molestias voluptas perferendis doloremque ducimus explicabo hic ut omnis officia a et aut unde nobis consequuntur dolore est eaque repudiandae dicta qui.</p><p>Et alias delectus doloremque qui officia quo et voluptates quas consequuntur nobis non recusandae iste iusto modi maiores vel qui vel nihil ducimus autem.</p><p>Minus ut et qui laudantium adipisci atque cupiditate labore expedita quos consequatur quaerat ipsa omnis odio autem et officia ipsam blanditiis nesciunt totam cum magnam minima.</p>	137	2	2021-04-07 22:17:38.192295	2021-04-07 22:17:38.192295
1000	What do you seek?	1	<p>Magnam omnis quae enim maiores perferendis impedit fuga non culpa dolores et autem ad quia vitae dolor illum voluptatem repudiandae voluptas et aperiam totam ut laudantium amet ullam tenetur iure.</p><p>Temporibus consequuntur est ut eum error aspernatur et sit sunt ipsum sint sunt excepturi dolorum facilis ut eum iusto suscipit quas est nulla nam omnis beatae non reiciendis ut aliquam dolores.</p><p>Iusto blanditiis earum repellat aperiam eum impedit sit debitis consequatur sunt corporis consectetur consequatur et dicta possimus eveniet odio molestiae ex enim error quis ea quia quibusdam.</p>	137	2	2021-04-07 22:17:38.195571	2021-04-07 22:17:38.195571
1001	Glory to the Sin'dorei.	2	<p>Odit dolorem sed blanditiis explicabo quo facere quia quisquam hic odio id molestias fuga maiores voluptas commodi quaerat voluptate quo reprehenderit aperiam eos vitae quia est dolor aut.</p><p>Ut dolore possimus impedit aut aliquid quasi ad fugit omnis vel exercitationem saepe omnis aut voluptatem aperiam consequuntur libero et modi ullam totam vero eligendi quia est esse dolorum repellat quod dicta architecto adipisci.</p><p>Dolore assumenda inventore est ipsam quia odit recusandae tempore repudiandae eum libero quidem id sapiente distinctio omnis voluptas consequatur labore et temporibus tempora accusamus quas dignissimos in totam quos excepturi necessitatibus sed ipsa.</p>	137	8	2021-04-07 22:17:38.198766	2021-04-07 22:17:38.198766
1002	The dark times will pass.	2	<p>Quod sunt et voluptates nemo consequatur voluptatem aut facilis distinctio est ut aperiam ipsam quia laboriosam qui aut voluptatem natus autem placeat ipsum voluptatem.</p><p>Similique tenetur et impedit quod facilis assumenda sunt et et voluptatem perspiciatis est est laboriosam magnam fuga nostrum mollitia repudiandae atque est dolores aspernatur sit blanditiis odio autem nulla ut necessitatibus quia eos ut officiis exercitationem dolor.</p><p>Ut minus accusamus odit iste ducimus laboriosam et qui velit culpa necessitatibus quibusdam eum et sed consequatur aut consequatur laudantium distinctio natus adipisci quo porro est.</p>	137	14	2021-04-07 22:17:38.202024	2021-04-07 22:17:38.202024
1003	Glory to the Sin'dorei.	3	<p>Eos distinctio dolorum consequuntur optio iure facilis molestias fugit suscipit esse deleniti maxime aut asperiores molestiae quo autem corporis sint quos at voluptates minus accusantium voluptatum dolor nisi.</p><p>Ullam ut aut quasi omnis quas atque consequatur debitis et non sed enim nihil id iusto est eligendi eos suscipit incidunt corrupti est magnam numquam velit dolor eum qui fuga fugit.</p><p>Inventore dicta aut id nam dolorum harum nobis dolores ipsum quia voluptas aut ab et qui magnam possimus et omnis accusamus aliquid deserunt enim consequatur quibusdam voluptatum velit explicabo totam sed necessitatibus in autem tenetur et culpa.</p>	138	9	2021-04-07 22:17:38.404024	2021-04-07 22:17:38.404024
1004	I have one of a kind items.	5	<p>Consectetur neque quam blanditiis praesentium quod quia ipsa labore in laborum temporibus nisi culpa molestiae ducimus alias aut debitis doloribus porro odit rerum amet animi distinctio omnis unde nihil libero voluptatum voluptates dolor cumque voluptatibus.</p><p>Quidem nam rerum dolor ducimus eos debitis deserunt ipsam nostrum tenetur sed et voluptatibus sapiente labore officiis saepe ad vel accusamus quia sit non fugit facere sed molestiae.</p><p>Ut dignissimos ipsa in ea eos est temporibus rem quibusdam ex eius inventore accusantium cumque eaque excepturi rerum pariatur ut nisi non non repellat quaerat ut ratione eveniet amet eos quos molestiae dolorum.</p>	138	8	2021-04-07 22:17:38.407352	2021-04-07 22:17:38.407352
1005	These are dark times indeed.	4	<p>Eum sit non voluptatibus sequi ipsam provident ducimus amet autem ratione suscipit corporis error voluptatem voluptas quod nisi laboriosam facere dolorem odit voluptate neque et mollitia accusantium illum ut inventore fugiat eos porro ut quis.</p><p>Accusantium dolor aut in laudantium porro minus corrupti eius doloribus ipsa iure accusamus quis sit dolores voluptatem debitis ab quidem animi beatae assumenda labore voluptas delectus ad explicabo recusandae.</p><p>Quod nesciunt voluptas consequuntur ad labore consequatur soluta in dolore eaque et qui nemo quis voluptatem consectetur quos error neque quibusdam dolores eos nostrum aut dolor laboriosam ipsa.</p>	138	5	2021-04-07 22:17:38.410611	2021-04-07 22:17:38.410611
1006	We will persevere!	3	<p>Qui similique consequuntur autem asperiores omnis vel fuga consectetur quibusdam laborum et est iste animi natus et provident earum aut dolorem recusandae debitis qui itaque culpa magni et assumenda eos dolor reprehenderit magnam veniam sed et enim.</p><p>Velit accusantium ea perferendis expedita distinctio delectus laudantium et quam ut porro blanditiis optio saepe debitis est ut ratione dolores sunt fuga quasi quia earum labore id molestiae minus.</p><p>Aperiam exercitationem est culpa eos odit asperiores qui voluptatem et quae molestiae ad sit tempore vitae earum at aut repudiandae reiciendis mollitia maiores et sunt commodi sit eligendi optio voluptas autem sequi aliquid consequatur tenetur voluptatum.</p>	138	1	2021-04-07 22:17:38.414415	2021-04-07 22:17:38.414415
1007	I have one of a kind items.	1	<p>Non fugiat minus ut tempora facere doloribus eius eaque repellat rem suscipit animi unde modi nihil commodi facilis exercitationem voluptatem odio ea et et saepe omnis occaecati autem blanditiis error nulla debitis omnis vel est.</p><p>Totam qui temporibus cumque est dolore soluta fugit rerum natus et omnis voluptatem a vitae voluptas qui qui nihil dicta inventore sed assumenda similique facere optio sint praesentium at et impedit et omnis laborum.</p><p>In voluptatem tempora est id et et illo corporis quo atque porro sequi voluptas ipsam fugiat aut qui unde veniam id earum est omnis omnis ad ut in nesciunt error aperiam aut.</p>	138	3	2021-04-07 22:17:38.417288	2021-04-07 22:17:38.417288
1008	I sell only the finest goods.	3	<p>Quos itaque placeat et similique est eveniet quis ea qui voluptatem eos non et fugit rerum et laudantium ipsum occaecati quisquam amet sunt molestiae eos nulla rerum ipsam accusantium velit unde nesciunt nisi.</p><p>Temporibus qui dicta nesciunt suscipit pariatur esse hic illum impedit placeat dolore voluptates aspernatur aut error aut necessitatibus porro qui nulla repudiandae et saepe perferendis consequuntur itaque blanditiis facere maxime rem commodi harum est.</p><p>Inventore sunt dolorem provident in laboriosam earum eveniet voluptatibus ipsa molestiae non aut eum non eaque maxime nulla enim facere minima at debitis sed qui aut quo et laborum iusto fuga.</p>	138	7	2021-04-07 22:17:38.4202	2021-04-07 22:17:38.4202
1009	You waste my time.	4	<p>Vitae magnam omnis totam aliquam qui quas sed est minus quia aspernatur aut et autem suscipit doloremque libero necessitatibus dolor exercitationem excepturi quasi cupiditate porro aperiam sit quia.</p><p>Officia pariatur quos nesciunt repellendus provident veniam quibusdam neque maiores dolor omnis praesentium perspiciatis veritatis voluptatibus est excepturi quod aperiam enim et vitae consequatur dolores quasi porro dolorem illo consequuntur quo aliquid omnis dignissimos mollitia sint enim.</p><p>Dignissimos in officia doloribus qui vel sunt quam illo ab exercitationem officiis impedit quas qui et explicabo possimus ipsa dicta neque debitis non voluptas consequuntur tempore.</p>	138	12	2021-04-07 22:17:38.423128	2021-04-07 22:17:38.423128
1010	I do not suffer fools easily.	3	<p>Quia alias animi rerum a non quis non tenetur ut voluptas assumenda ut at voluptas molestias officia repellat earum ipsam enim delectus et quis vitae soluta ex voluptatibus aliquid.</p><p>Ut dolore voluptatum aliquam error quod adipisci fuga reprehenderit quia sit minus sunt assumenda veniam consequatur explicabo impedit sint libero laudantium voluptas est et provident autem culpa optio cum.</p><p>Sunt sit cumque doloribus quis magni eius optio illum qui a reiciendis tempore est vitae dicta omnis occaecati quo saepe quia laboriosam vel id placeat facere sint.</p>	138	12	2021-04-07 22:17:38.425748	2021-04-07 22:17:38.425748
1011	Do not loiter.	5	<p>Quo qui sequi molestiae quia ipsum hic asperiores nobis autem voluptas nesciunt dolores id labore fugiat et magni aut quos tempore excepturi earum a consequatur unde quae ut fugit est.</p><p>Temporibus eum ipsum quo cupiditate fugit non quia iste aut labore asperiores sunt qui architecto quaerat ducimus in ratione porro magni nostrum reprehenderit similique rerum ullam dolor aspernatur aliquam dolorum enim.</p><p>Quod omnis labore sit iusto a ut dolores fugiat alias blanditiis accusamus eos et est et aut nesciunt vel magnam pariatur itaque qui harum fuga facere temporibus eveniet occaecati perferendis rem totam ratione nihil voluptate ipsam vel.</p>	139	2	2021-04-07 22:17:38.627479	2021-04-07 22:17:38.627479
1012	Your gold is welcome here.	2	<p>Non voluptatem voluptatem vel est error et ipsa ex voluptas similique non vel quia doloribus assumenda ad deserunt aut ea quisquam quam magnam earum.</p><p>Consequuntur dolor vel ut beatae rerum vero sed explicabo at aspernatur neque rem excepturi eos nobis in voluptatem nemo est error ab nesciunt rerum facilis suscipit quasi nisi quibusdam eaque facere recusandae repellendus id cum.</p><p>Dolor consequatur est repellendus mollitia amet quia vitae quam vel quod sed ut adipisci ipsa autem rerum est eveniet sit eos explicabo quae sint eum voluptatem ullam iusto velit aspernatur ea nulla accusamus doloremque quo.</p>	139	11	2021-04-07 22:17:38.630301	2021-04-07 22:17:38.630301
1013	You waste my time.	4	<p>Qui quae non quos ut cum voluptas nam qui laborum neque atque tempore asperiores sed dignissimos nobis corporis nihil ut nesciunt sed officia in quia libero tenetur fugit.</p><p>Ea animi quia ducimus dolorem quia illum consectetur rerum ut minus fuga qui est sunt delectus eaque hic corporis consequuntur nihil recusandae itaque doloribus illo magnam et ratione est ullam ad provident quia soluta aperiam.</p><p>Non numquam in corrupti id nisi sequi voluptatem qui aliquid explicabo tempora totam eos aut officiis ut qui adipisci a illum consequuntur voluptatem vel tenetur voluptate quia aut.</p>	139	5	2021-04-07 22:17:38.633196	2021-04-07 22:17:38.633196
1090	Why do you linger?	5	<p>Libero ab ut molestiae dicta qui veritatis qui impedit minima qui quia ut ut quo hic quia et nostrum in pariatur porro vero tenetur minus maiores ullam doloremque dolorum.</p><p>Dolor laboriosam sit et molestiae porro atque quod in et aliquid sed voluptas odio esse illum ut cumque sed sapiente incidunt dolores est dolores adipisci accusantium consectetur id.</p><p>Qui aliquam quia esse ipsum veniam enim eum qui dolorum explicabo at eos quod omnis quaerat sint facilis sed accusamus consequuntur voluptas qui enim nihil laudantium.</p>	147	13	2021-04-07 22:17:40.490788	2021-04-07 22:17:40.490788
1014	Glory to the Sin'dorei.	2	<p>Et culpa eum aut sed est sit earum minima necessitatibus nihil ut eligendi quasi ratione enim et voluptatem praesentium ad laboriosam sunt accusamus perferendis quam voluptatum odit nobis dolores assumenda maiores.</p><p>Labore reprehenderit ut mollitia possimus qui saepe maiores accusantium magni enim doloremque voluptates incidunt eius praesentium ullam consequatur enim qui quo perferendis ratione et in illo velit quis et animi laudantium eaque omnis.</p><p>Quidem iste nostrum aut totam blanditiis et quia facere corrupti et maiores placeat necessitatibus modi fugit sequi velit sunt incidunt error non voluptas est esse voluptatem ullam sed fugiat officiis facilis et repellendus temporibus optio doloremque sint.</p>	139	13	2021-04-07 22:17:38.636071	2021-04-07 22:17:38.636071
1015	You waste my time.	3	<p>Reiciendis natus maxime sint culpa cumque soluta optio iure ut dolor doloribus eveniet aut distinctio dolor dignissimos nemo voluptates ullam voluptas aut quia et repellat quas necessitatibus dolorum.</p><p>Libero consequatur tempore facere qui aut quia ut voluptatem beatae aut quas in asperiores sed numquam laudantium autem ad qui rerum et suscipit labore vero est iste est voluptatem minus autem.</p><p>Illo enim voluptatum distinctio ea dolores velit a et error adipisci optio corporis et ipsam quia maxime et recusandae facilis numquam dolorem id hic rerum veniam incidunt expedita nostrum sunt iure temporibus eos enim voluptate doloremque.</p>	139	2	2021-04-07 22:17:38.63925	2021-04-07 22:17:38.63925
1016	What Business have you?	2	<p>Voluptates est officiis magni sed rerum consequatur necessitatibus ut provident voluptatum non molestiae eum adipisci aspernatur sit modi delectus fugit aut distinctio nam harum aut aut maxime ut commodi enim dolorem ipsa aut.</p><p>Accusantium minus aspernatur minima et laudantium veniam quia iusto ipsam error sunt maxime dolor dolorem est asperiores deserunt dicta saepe suscipit alias rerum nobis at eum hic ut sint in quia blanditiis quisquam itaque.</p><p>Ea fugiat officia alias eum vero et est tenetur reiciendis quis consequatur rem accusantium illum doloribus ex officiis magni repellat quas fugit iste vel accusamus ut quo eveniet corporis non libero nam ab amet.</p>	139	10	2021-04-07 22:17:38.642491	2021-04-07 22:17:38.642491
1017	Bal'a dash, malanore.	4	<p>Velit et ad sapiente aut laboriosam voluptatem ut iure voluptatum dolor illo recusandae qui quibusdam error dolorem magnam non quo est aut excepturi quaerat qui maiores accusamus inventore.</p><p>Beatae debitis eveniet aliquid eum maiores atque ipsa voluptas mollitia voluptates incidunt quo ut ut possimus dolorum facere a soluta consequatur architecto eos voluptatem delectus aut cupiditate voluptas nobis saepe quas provident earum quasi at aut voluptatem.</p><p>Tempore molestiae est officiis temporibus qui vitae illo aut rerum doloribus recusandae repudiandae et itaque aliquid ab aperiam tenetur eos dolorum incidunt tempora aut.</p>	139	4	2021-04-07 22:17:38.645947	2021-04-07 22:17:38.645947
1018	The Eternal Sun guides us.	2	<p>Nam labore inventore dolore omnis est deserunt ad minus eos iure tempore non aliquam vel voluptatem voluptas qui dolorum et necessitatibus voluptate odio quia illo laudantium tempora non rerum voluptas quisquam mollitia.</p><p>Fugit est eaque ea voluptas inventore et accusamus soluta enim ex earum consectetur alias officia enim aspernatur explicabo quis eos iusto ipsa iure repellendus tenetur debitis.</p><p>Sint veniam enim tempora porro corporis neque in ut illo itaque nihil perspiciatis voluptatem vel et assumenda temporibus voluptate consequuntur sed quo eligendi et quia earum distinctio natus eaque.</p>	139	4	2021-04-07 22:17:38.649126	2021-04-07 22:17:38.649126
1019	You waste my time.	3	<p>Libero illo sed ut quia qui cupiditate veniam et voluptas perspiciatis ab voluptatem ipsa ut nam voluptas id sit velit est quae eos alias.</p><p>Alias sapiente maiores soluta numquam hic voluptatum illo eos totam in qui autem neque ullam maxime nulla exercitationem id deleniti architecto omnis minus ut et qui aperiam voluptatem tenetur.</p><p>Libero eos qui placeat sunt autem qui nobis rerum quis consequatur et id consectetur aliquam aut porro magni corrupti sed dolorem laborum at laboriosam voluptas dignissimos necessitatibus maiores ipsam.</p>	139	11	2021-04-07 22:17:38.65217	2021-04-07 22:17:38.65217
1020	Bal'a dash, malanore.	1	<p>Aut aut ea et sint voluptate expedita corrupti est distinctio saepe assumenda non quia recusandae dolor animi corporis doloremque aut aliquam unde id veritatis vitae eum enim rerum at.</p><p>Aut ut tempore et similique vero ut blanditiis amet quia necessitatibus veniam quam autem odio sunt omnis adipisci corrupti nemo illo et fuga quae et.</p><p>Qui voluptas et corrupti fuga non fugit eius quam voluptate quisquam ducimus et accusantium ex eum veritatis error aut aliquam voluptatem delectus et et voluptates enim.</p>	139	8	2021-04-07 22:17:38.654766	2021-04-07 22:17:38.654766
1021	The Eternal Sun guides us.	4	<p>Eius voluptatum error nesciunt voluptatem sed necessitatibus tempora enim ullam et illum fugiat voluptatem aperiam temporibus eum perferendis ut ipsa amet mollitia sequi incidunt placeat ducimus ipsum rem dolor blanditiis.</p><p>Quod voluptas sed mollitia placeat unde et et quisquam illum itaque quia ullam deserunt voluptatem impedit recusandae iusto voluptas officiis sint nobis eos doloremque dolor.</p><p>Aperiam harum accusamus itaque minus quod eius ad doloribus esse sapiente dolorem quae et suscipit est iure dolor maiores eos minima mollitia aliquid veritatis odit numquam sit quis nostrum optio ut placeat.</p>	139	14	2021-04-07 22:17:38.657436	2021-04-07 22:17:38.657436
1022	What Business have you?	3	<p>Minima quia nostrum a deserunt et omnis sapiente sunt est fugit aut perspiciatis atque aut laboriosam sed veritatis aliquid aut accusantium asperiores beatae dolore et enim pariatur expedita ab esse excepturi.</p><p>Voluptates natus earum molestiae animi ducimus fugiat iusto ex illum et architecto adipisci et mollitia odio eius recusandae aut quod aut et omnis laboriosam illo sequi atque sit aliquam fuga itaque doloribus minus molestiae rerum vel fugit.</p><p>Autem cupiditate maiores aperiam est quod et ipsam nihil blanditiis enim saepe aspernatur nobis est cumque modi voluptatum reprehenderit in repellat doloribus et rem culpa quo voluptate tempore enim rerum qui molestiae.</p>	139	6	2021-04-07 22:17:38.660211	2021-04-07 22:17:38.660211
1023	Choose wisely.	2	<p>Doloribus sint maiores earum explicabo aut et blanditiis minima qui et quod officia architecto fugiat ratione molestiae veniam laudantium non porro dignissimos debitis et quasi.</p><p>Ullam alias aut illum ducimus omnis recusandae incidunt quam vero adipisci qui neque et perspiciatis occaecati ut at atque exercitationem dolorem veritatis ut est eos voluptatem repellendus et.</p><p>Officiis laborum natus ad qui velit quas veritatis hic ut magni amet fugit facilis magnam animi aspernatur sunt quis possimus qui enim ullam perferendis saepe earum et voluptas architecto quos accusantium et ducimus ea.</p>	140	1	2021-04-07 22:17:38.859833	2021-04-07 22:17:38.859833
1024	Everything has a price.	5	<p>Quisquam cumque quam est ipsum vel itaque enim dicta molestiae necessitatibus aliquam dolores aut eius nostrum quod blanditiis iste eos ut minima non tempora.</p><p>Tempora nisi doloremque labore aut sit voluptates omnis repudiandae repellendus ipsam quas dolorum voluptas sunt non sit perferendis quis quaerat explicabo molestiae et nam non vel molestias.</p><p>Suscipit impedit et sunt consectetur adipisci ullam maiores est quia consequatur rerum temporibus expedita est ut soluta excepturi vitae officia aut quaerat quisquam cupiditate ipsum aliquam numquam voluptas nobis dolore similique aut est eos.</p>	140	9	2021-04-07 22:17:38.862889	2021-04-07 22:17:38.862889
1025	The Eternal Sun guides us.	2	<p>Sed et dignissimos minima sit ratione alias non quia ullam id voluptatum animi earum optio iusto enim voluptatibus inventore esse in eum dolor eum corporis aut autem doloremque.</p><p>Quas deserunt nostrum ducimus exercitationem ab a tempore molestiae nisi dolorem eos quia fuga aut id aliquid natus accusamus quis alias architecto soluta provident tempora consequatur distinctio ea eius dolor.</p><p>Inventore aut consequatur adipisci deserunt vel voluptatem vitae quia ipsa natus ad aut quos soluta nostrum omnis id necessitatibus qui et mollitia distinctio illum non aut minima fugit ut facilis.</p>	140	14	2021-04-07 22:17:38.866036	2021-04-07 22:17:38.866036
1026	Choose wisely.	2	<p>Quisquam consequatur in asperiores vitae laboriosam excepturi unde nemo id officia explicabo aliquam quae fuga assumenda sit ut deleniti culpa vel omnis tempore laudantium at quia velit minus.</p><p>Officia amet deleniti dignissimos dolore quos tenetur quo laborum beatae eius vitae iure sit ad doloremque commodi itaque voluptatem sint et quam eos repudiandae aut veniam pariatur quibusdam aut excepturi debitis omnis et aliquid consequatur rerum.</p><p>Voluptate incidunt atque ut iusto minima velit quae repudiandae nisi doloremque aliquid qui nihil tempora architecto libero id ipsam necessitatibus explicabo voluptates ex recusandae iure odit omnis debitis rerum officia ducimus labore quisquam fugit vero.</p>	140	4	2021-04-07 22:17:38.869949	2021-04-07 22:17:38.869949
1027	I sell only the finest goods.	5	<p>Consequatur commodi eligendi et quo et sit maiores facere vel ea iusto sed possimus blanditiis non ut sit temporibus nam id et eaque placeat adipisci rerum in quod doloribus accusantium labore dolor nobis natus odit corporis omnis.</p><p>Delectus perspiciatis consectetur esse ut quidem iusto nulla qui nemo sit animi dolorem provident accusamus vitae rem voluptas pariatur quis est tempora omnis et aut et ullam facilis at sunt quae explicabo sint doloremque quo libero.</p><p>Iusto tempore et quo doloribus recusandae sapiente odio quis atque in provident quisquam occaecati iste sint similique voluptatem dolor impedit aut asperiores dolorem et totam consequatur.</p>	140	11	2021-04-07 22:17:38.873419	2021-04-07 22:17:38.873419
1029	Time is of the essence.	1	<p>Eum voluptatem optio rerum fugiat quis aut dolorem nesciunt ut suscipit laborum natus maiores aperiam accusamus voluptas accusantium molestiae impedit architecto veniam aut nostrum amet ipsam nihil ducimus doloremque perspiciatis atque vel vitae magni aut voluptate numquam.</p><p>Placeat vero neque facere minus enim vitae doloremque alias iste in quia ea ullam commodi maiores dolores ea consequatur ut doloribus corrupti et ducimus mollitia.</p><p>A sunt in quia architecto assumenda ducimus odit distinctio vero accusamus voluptatibus impedit totam exercitationem cum qui est quisquam rerum esse voluptatem ratione modi.</p>	140	7	2021-04-07 22:17:38.879189	2021-04-07 22:17:38.879189
1030	The Eternal Sun guides us.	5	<p>Aut perspiciatis voluptate quis est laborum alias delectus neque et eos facilis iure qui omnis molestias cumque est et officiis deserunt velit quia corporis et dolor aut repellendus minus quo reiciendis ad fuga voluptates vel.</p><p>Quia consequuntur provident autem qui ut eos ex totam et sit amet architecto fuga possimus ea eum ad labore quibusdam sint natus suscipit in nam nulla vel.</p><p>Nobis nostrum aut blanditiis voluptas qui possimus eos excepturi dolores quaerat temporibus fugit distinctio quisquam et perspiciatis et consequatur ipsum voluptas porro iure consectetur id impedit quo explicabo velit quasi ut hic voluptatem.</p>	140	3	2021-04-07 22:17:38.882035	2021-04-07 22:17:38.882035
1031	Do not loiter.	5	<p>Impedit vel maxime autem et rerum at hic et et eius cupiditate et quas dignissimos est culpa asperiores quasi error qui unde reprehenderit reiciendis aut porro nemo iste ipsum doloribus.</p><p>Sit repellendus dignissimos ad id ut voluptas sit consequatur aperiam maxime distinctio corporis omnis voluptatum iusto nesciunt omnis sed consequatur odit et odio voluptates.</p><p>Et rerum aspernatur temporibus est et similique incidunt ut eaque eos aliquam aut quod ut est perspiciatis aut libero dolor architecto velit enim sed quia accusantium maxime nisi laboriosam eos rem ipsa autem.</p>	140	1	2021-04-07 22:17:38.885115	2021-04-07 22:17:38.885115
1032	Choose wisely.	5	<p>Quo rerum qui odit voluptatem hic fugiat sed consequuntur incidunt sunt error et laudantium et suscipit ex aut nihil ut eius doloremque accusamus ea est.</p><p>Sed in nulla sunt repudiandae iusto ipsa ratione officia maxime ab deserunt et et ea cum dolorem eum rem quo sit saepe exercitationem quasi.</p><p>Natus suscipit dolores aut corporis est porro quae iure voluptas culpa rerum a perspiciatis minima tenetur totam deleniti ut id corrupti voluptates earum eaque maiores atque.</p>	141	7	2021-04-07 22:17:39.088104	2021-04-07 22:17:39.088104
1033	Victory lies ahead.	4	<p>Enim magnam ipsum dolorem ut suscipit est illum omnis optio veniam maiores animi eum quaerat rerum eum ullam odit eos itaque et libero reiciendis aut est laudantium.</p><p>Ut ducimus laboriosam mollitia non deleniti omnis eaque occaecati quaerat dolor voluptas dicta doloribus eos consequuntur quo natus consequatur nihil nobis sint qui aut possimus cupiditate modi voluptatem eveniet in.</p><p>Ipsam voluptas illo alias eaque error quaerat quis autem occaecati quia magni voluptas odit modi dignissimos perspiciatis labore ipsa et eveniet ut reprehenderit voluptas nobis et officia recusandae laudantium placeat eius qui.</p>	141	3	2021-04-07 22:17:39.091187	2021-04-07 22:17:39.091187
1034	Bal'a dash, malanore.	2	<p>Aut unde aut id dicta at modi ducimus qui est quo quia odit nemo expedita corporis possimus impedit optio autem ipsam nihil quis magni error quia ad praesentium maxime exercitationem natus voluptas et blanditiis.</p><p>Odio nemo illum optio ut et velit qui quam ad saepe aliquam nostrum officiis fugit quia modi iusto rerum aliquid suscipit molestiae nesciunt ducimus eos quia aut.</p><p>Fugiat et aut totam sed odio consequatur et eum error nihil suscipit aut id ex repellat quod et itaque est illum placeat quis animi et dolores deserunt ut nesciunt dolor.</p>	141	10	2021-04-07 22:17:39.094103	2021-04-07 22:17:39.094103
1035	I do not suffer fools easily.	3	<p>Qui sunt nihil voluptas aut nemo quo dolor vel quaerat fugiat ea cupiditate ut sit minima tempora harum dolorem explicabo qui quibusdam iusto quia aliquam autem id.</p><p>Rerum delectus et nesciunt harum vero et totam perspiciatis maiores ut rem earum dolorum vitae eum pariatur sequi a veritatis similique aperiam autem sit.</p><p>Qui quibusdam saepe explicabo alias in sunt modi ipsa placeat omnis consequatur dolorem et pariatur quisquam nemo aut fuga et velit harum itaque impedit molestiae dolorem iste recusandae quia.</p>	141	11	2021-04-07 22:17:39.097009	2021-04-07 22:17:39.097009
1036	Your gold is welcome here.	5	<p>Error accusamus eaque officia ea doloremque ipsa est impedit veniam vel sunt qui delectus eligendi explicabo non sed omnis itaque suscipit nemo eum assumenda recusandae aut ut sint voluptatem dignissimos quis dolor veritatis blanditiis qui corrupti similique.</p><p>Nesciunt repellendus voluptas dolores ut vitae qui cum voluptatem tempore rerum sint iusto illum quibusdam sit quisquam aut assumenda deserunt voluptatum molestias ullam itaque et similique et.</p><p>Ipsum voluptatem quis sequi hic qui voluptatibus aliquid non necessitatibus atque esse quia suscipit perferendis ut nemo omnis rerum veritatis voluptatem temporibus non harum omnis dolorem quae unde consectetur inventore quas velit tenetur dolorem nam et dolorum.</p>	141	9	2021-04-07 22:17:39.100621	2021-04-07 22:17:39.100621
1037	It is a wonder you have lived this long.	2	<p>Impedit facere est nam qui consequatur fugit et vel sint cupiditate omnis quo est velit et nihil quam modi dicta possimus rerum aspernatur et necessitatibus doloribus.</p><p>Iure tempora blanditiis voluptatem deleniti nulla aut itaque voluptas necessitatibus incidunt hic vero beatae id quae ullam ducimus facere architecto porro animi dolores iusto et consectetur quis.</p><p>Nemo illum non et aliquam esse quo architecto libero dolor mollitia numquam et perferendis corrupti maiores itaque est sit repudiandae qui sunt voluptates omnis sequi nihil quidem aut.</p>	141	8	2021-04-07 22:17:39.105221	2021-04-07 22:17:39.105221
1038	What Business have you?	4	<p>Voluptate blanditiis necessitatibus laboriosam distinctio qui aliquid aut ex magnam aut dolorem est omnis laudantium explicabo beatae corrupti cumque illum officia harum eius nostrum quia et omnis architecto incidunt deserunt voluptatem quas enim esse et quo.</p><p>Aut quod veritatis animi molestias tempora non quasi at sit quaerat quia eum qui et voluptas porro ea enim debitis quos consequatur maiores perferendis necessitatibus consequuntur doloribus et ex sapiente ut ipsa natus dolor facilis nam.</p><p>Et sint consequatur eius animi magnam esse ipsa nemo et iure repellendus vel laboriosam voluptas eveniet quasi omnis dicta corporis voluptate quibusdam omnis occaecati possimus ratione.</p>	141	4	2021-04-07 22:17:39.108815	2021-04-07 22:17:39.108815
1039	I have one of a kind items.	5	<p>Sit aperiam quam dignissimos corporis rem ex rerum voluptas facere id ut ducimus sit sint qui quia qui at neque dolorem quaerat nulla amet occaecati recusandae non voluptatem laborum facilis omnis labore fugit quae.</p><p>Nobis sed inventore dolore optio aperiam quam et voluptatum quos qui pariatur sunt fugiat in qui eos sed illum nesciunt consectetur et tempora consequuntur assumenda et unde temporibus nulla voluptates repudiandae quod ullam perspiciatis et.</p><p>Dolorem incidunt amet quia earum totam autem illum nulla voluptas quisquam error et omnis odit ratione facilis itaque quaerat et nam doloremque enim provident inventore vero delectus molestiae enim ut voluptatem eos non deserunt voluptas distinctio ea.</p>	142	6	2021-04-07 22:17:39.312629	2021-04-07 22:17:39.312629
1040	Glory to the Sin'dorei.	2	<p>Nihil quis dolore numquam fugit recusandae eius error et sapiente et corporis minima temporibus quod et doloremque quidem quia maxime odit in ut cum dolores mollitia vel deserunt.</p><p>Sit ea molestiae eveniet quo maiores officia suscipit dolorem similique eos libero quisquam quaerat tempore omnis dolorem assumenda aut unde est adipisci voluptatem aperiam sed consequatur.</p><p>Consequatur doloribus numquam nisi sequi omnis pariatur iste deleniti autem sed est voluptas et occaecati itaque dolor voluptas qui aut ea nobis nam facilis quae ex facere possimus.</p>	142	9	2021-04-07 22:17:39.316195	2021-04-07 22:17:39.316195
1041	Do not loiter.	2	<p>Unde eos iste rerum nihil ipsum consequatur nulla non reprehenderit eius repudiandae temporibus quidem amet et nisi ea et ipsa officiis aut delectus voluptatem voluptates.</p><p>Rerum fugit officia voluptate vero voluptas vitae deserunt mollitia eos doloremque voluptas impedit aut est ipsa nisi ut molestiae minus itaque quos aliquid odit ea officiis sed laboriosam suscipit et optio magni eius.</p><p>Libero tenetur qui id est sequi tempore exercitationem dolores totam porro excepturi ea doloribus possimus quasi beatae sed omnis explicabo iste dolor aut quos autem alias corporis cupiditate quis officiis vitae.</p>	142	6	2021-04-07 22:17:39.319575	2021-04-07 22:17:39.319575
1042	The Eternal Sun guides us.	1	<p>Aut eligendi delectus aliquid voluptas accusantium aut earum placeat fugit laboriosam qui nam iure est nihil illo non quaerat aut consequatur ducimus tenetur ea voluptas ullam.</p><p>Soluta et dolores dolorum quae placeat reprehenderit suscipit non ea provident impedit iste ad earum dolor qui ut repellat commodi est doloribus dolorem ut ratione cum inventore deleniti autem sit aut architecto at sit asperiores.</p><p>Velit ratione placeat fugit nulla dicta sunt quisquam qui illum ipsa nihil omnis error architecto aut hic occaecati libero sed eaque natus rerum commodi recusandae omnis enim.</p>	142	1	2021-04-07 22:17:39.32304	2021-04-07 22:17:39.32304
1043	Victory lies ahead.	1	<p>Ullam id labore omnis minima nisi natus molestiae deleniti eligendi unde ipsum in omnis voluptatem veritatis aut sed ut eveniet sunt ab dolores et harum delectus consectetur voluptas ex enim amet tempora aspernatur sequi.</p><p>Officiis corrupti dolorem odit ad et possimus provident quia atque animi aut explicabo in vel est deleniti voluptatum eum eligendi autem error excepturi repellat tenetur eaque magnam sint.</p><p>Minus quaerat aut reprehenderit sit voluptatem natus esse autem eos architecto repellendus rerum quam illo impedit nobis sequi amet quia quis quisquam labore consequatur expedita.</p>	142	7	2021-04-07 22:17:39.326564	2021-04-07 22:17:39.326564
1044	Stay the course	3	<p>Aliquid laborum autem nihil minus et voluptas dolor assumenda voluptas id nam pariatur ea in et occaecati qui voluptatum iure et est error adipisci.</p><p>Reiciendis ut qui saepe enim et voluptatem inventore iusto quia molestias sunt excepturi pariatur quia deleniti aut id numquam quam suscipit consequuntur animi necessitatibus provident nostrum.</p><p>Fugiat amet quos debitis iste voluptate accusantium ut molestiae dolores qui et dolore aut aut odit error veritatis dicta voluptatem iusto ad voluptas doloremque nesciunt reprehenderit sint sed repudiandae quis ut et dolorem tempore itaque.</p>	142	12	2021-04-07 22:17:39.330167	2021-04-07 22:17:39.330167
1045	Your gold is welcome here.	2	<p>Officiis ut eos maxime id in qui iure voluptas fuga reiciendis alias nostrum sit cumque autem praesentium ad sunt fugiat aperiam delectus illo sint aut laborum fugit ipsa facere et itaque non nihil.</p><p>Occaecati recusandae in necessitatibus architecto et quo odio est doloribus cupiditate dolores nisi vel labore ea quidem quia exercitationem placeat maiores omnis quis commodi sed reiciendis consequatur itaque distinctio nemo ut provident ex.</p><p>Itaque consequatur delectus aspernatur est aut in voluptatem nisi aut omnis perspiciatis aut quia minima nesciunt amet sed veniam facere ullam enim consequatur et debitis laborum omnis illo doloribus assumenda velit unde illum fugit magni.</p>	142	3	2021-04-07 22:17:39.334113	2021-04-07 22:17:39.334113
1046	Your gold is welcome here.	3	<p>Dolor quam iste non soluta dolores optio ab neque perspiciatis qui veniam amet enim et et aut cumque harum quod non mollitia eum sequi aut est.</p><p>Unde cum est sit quaerat asperiores dignissimos sapiente qui suscipit quas omnis totam molestiae non dicta eum in et adipisci et possimus error est pariatur voluptas.</p><p>Voluptatem qui consequatur officia expedita amet aut voluptatem officiis et vel cumque corporis unde repellat aspernatur vel modi odit qui iusto sit a nulla ut mollitia quo totam adipisci et necessitatibus quas enim sapiente porro.</p>	142	2	2021-04-07 22:17:39.338082	2021-04-07 22:17:39.338082
1047	Our enemies will fall!	1	<p>Perspiciatis quaerat aperiam et eos quibusdam sed iusto similique rerum voluptate dolores quia odit quia sunt soluta voluptates eius dolor quod iste amet ipsa dolore autem ad corrupti eum quia eligendi doloribus expedita id.</p><p>Natus sapiente dolor voluptatem facere voluptas odit eaque ipsum possimus sit adipisci expedita dignissimos nesciunt cum et consequuntur consequatur eius voluptatem aperiam rerum non ad animi aut.</p><p>Sint dolor earum perspiciatis et quia unde odit architecto nisi et corrupti consequatur nulla voluptatibus sunt aut rem debitis ullam repudiandae ipsum aut voluptas.</p>	142	2	2021-04-07 22:17:39.342172	2021-04-07 22:17:39.342172
1048	I do not suffer fools easily.	3	<p>Minima et quam velit voluptas expedita ea perferendis repellendus qui sunt rerum recusandae maiores iure ad in ratione rerum non corporis cupiditate dicta molestiae quod nulla.</p><p>Similique vel omnis ex voluptas et quae facere ut modi labore aut odit quaerat sequi sint id quibusdam totam accusantium recusandae nihil autem molestiae voluptas rem dolore ut in ipsum ratione non minima rerum aperiam iste.</p><p>Qui temporibus quas dolor dolorem ad labore nemo nam recusandae sapiente corporis minima illum ipsum vitae magnam voluptatibus excepturi similique quisquam et omnis incidunt cupiditate aperiam nesciunt exercitationem enim laudantium.</p>	142	12	2021-04-07 22:17:39.346159	2021-04-07 22:17:39.346159
1049	I have one of a kind items.	1	<p>Et molestias nulla aspernatur ipsa eos sapiente corrupti et non minima rerum sit velit fugit aut ipsam dolor culpa nisi ea enim reiciendis laudantium suscipit.</p><p>Et ea vel occaecati repudiandae deleniti autem maiores nobis molestiae et eos suscipit quae qui vel quisquam sunt itaque harum explicabo architecto eum ipsum dolor reiciendis libero et dolor sed iste dolorem quis consequatur nisi.</p><p>Eius qui quis eum dolorem nesciunt minus eveniet harum neque ea ut voluptas possimus voluptate et non libero et et voluptatem vel mollitia non.</p>	142	3	2021-04-07 22:17:39.356779	2021-04-07 22:17:39.356779
1050	You waste my time.	1	<p>Excepturi qui dolorum esse consequatur dolores qui officia dignissimos non tenetur est consequuntur quia eaque suscipit iure eum asperiores repellat voluptatum quo maxime rem est beatae optio quaerat nihil sunt distinctio vel et aspernatur.</p><p>Non hic eum voluptatem quia esse culpa expedita voluptas nobis nemo et quia veritatis possimus quis quo velit neque consequuntur harum illo asperiores unde ea voluptates blanditiis corporis aspernatur id ut animi aut rerum soluta aut fugiat.</p><p>Qui corporis eum vero pariatur unde nemo ducimus sed ea molestiae placeat ut provident soluta deleniti aliquam quaerat consequuntur laborum qui odio dicta explicabo molestias autem possimus ut nihil occaecati aut.</p>	142	9	2021-04-07 22:17:39.360678	2021-04-07 22:17:39.360678
1051	Ah, you have a death wish.	2	<p>Non fugit autem distinctio voluptatum et adipisci inventore labore quaerat ratione deserunt placeat non similique soluta et nihil voluptate eos sed rem eaque enim architecto aliquid mollitia cumque quia et voluptas sit repellat eum.</p><p>Quia atque ex labore in quas iste at ut nihil quos veniam possimus velit ut repellendus dolor exercitationem aperiam totam fugit natus neque veritatis.</p><p>Eius doloremque quia nobis accusantium dolore et quam sed est numquam dolor fugiat eveniet aliquam id tempora modi consectetur repellat laboriosam et et est autem minima expedita harum aut ducimus ea amet.</p>	142	9	2021-04-07 22:17:39.364212	2021-04-07 22:17:39.364212
1052	I had little patience to begin with!	4	<p>At ratione voluptas eum odit minus et eos quo consequatur asperiores facilis rerum tempore laudantium et omnis itaque earum consequatur nobis adipisci et eligendi laborum iste consectetur hic dolor beatae qui illum molestiae explicabo.</p><p>Velit perferendis quos dicta soluta ut delectus at voluptates sed eligendi et quia sed quidem est sunt voluptas et eum et corrupti sint qui ut aut consequatur excepturi.</p><p>Minima architecto quia dolorum aspernatur nisi est beatae ut autem ipsa odio distinctio magnam dolore dolores at enim fuga voluptatem id unde fugit totam dicta repellat laborum voluptatem voluptatibus.</p>	143	5	2021-04-07 22:17:39.565519	2021-04-07 22:17:39.565519
1053	Our enemies will fall.	4	<p>Possimus est qui explicabo eaque quod sunt aut nam est ut aut quisquam dolorem repellat aperiam nulla provident illum repellendus eum sint iure dolorem id dignissimos ut eligendi a omnis.</p><p>Minus veniam neque voluptatem excepturi ut autem animi quis eos libero earum et at dicta recusandae vero sapiente placeat eum quaerat ex dolorum beatae sit omnis tenetur dolore commodi atque aut consectetur voluptatem delectus officia sed.</p><p>Harum non occaecati consequatur at optio commodi beatae odio sint similique saepe magnam pariatur perspiciatis et quia et possimus architecto sed quidem provident laboriosam qui rerum aperiam in ea expedita dolorem iure.</p>	143	8	2021-04-07 22:17:39.569629	2021-04-07 22:17:39.569629
1054	Our enemies will fall.	1	<p>Qui rerum et beatae magnam vel saepe non illo quam sint quasi quia eaque repellendus voluptas earum qui ipsum quidem voluptatem aperiam minus qui.</p><p>Ea rerum voluptatem odio quibusdam tempora aut optio a qui sit voluptate nesciunt dolore tempore modi vitae iste omnis ab incidunt natus ullam accusamus iusto atque asperiores similique voluptas nihil et sunt pariatur molestiae minima.</p><p>Numquam sunt mollitia aut corrupti et consectetur in quis vel et voluptatibus quaerat aut tempora adipisci velit velit iste est eligendi ut repellendus unde explicabo voluptas quo earum error.</p>	143	4	2021-04-07 22:17:39.573365	2021-04-07 22:17:39.573365
1055	Your gold is welcome here.	3	<p>Voluptatum sint consequatur sed consequatur voluptas dolores modi quod qui saepe molestiae at consectetur vero sit voluptatem in dolores dignissimos pariatur officiis nesciunt qui.</p><p>Magnam mollitia ducimus excepturi et sit iusto numquam ipsam vitae dolorem non est ratione sit quae sint harum totam aut nihil reprehenderit voluptatem ipsa aspernatur eligendi consequuntur quia cum.</p><p>Nihil corporis voluptatem ipsum reprehenderit magni tempore autem id et ad distinctio enim quibusdam soluta sed amet perspiciatis quis neque fugiat omnis eos deleniti iusto aut earum rerum repellendus dolores vero fugit.</p>	143	8	2021-04-07 22:17:39.576269	2021-04-07 22:17:39.576269
1056	What business have you?	5	<p>Amet atque sed aut possimus sint est enim commodi laborum suscipit sint tempore explicabo omnis molestiae tempora quod aut qui nostrum assumenda labore est sit nisi sed dolores porro fugiat necessitatibus repellat maxime.</p><p>Modi molestiae exercitationem autem error ea voluptatibus repellat illo consequatur voluptate enim reprehenderit quaerat quas excepturi consequatur sed quis sed rerum eligendi doloremque assumenda quo officia qui possimus hic.</p><p>Odit expedita possimus aut sed et aut officia aut recusandae sit amet adipisci necessitatibus velit illo veritatis quia exercitationem rerum vel fugit iste eum voluptatem saepe rerum consequatur voluptatum.</p>	143	11	2021-04-07 22:17:39.5792	2021-04-07 22:17:39.5792
1057	Not very intelligent, are you?	3	<p>Excepturi officiis ut unde consequatur autem explicabo rerum sunt amet aut quo sapiente tempora autem ullam ut dolore tempore distinctio et natus veritatis sit sed est animi quia voluptas esse.</p><p>Et quas voluptates at ut ut animi veniam magnam amet a et consequuntur similique qui accusamus consequatur in nobis exercitationem non culpa ducimus minus ut modi odio dolores molestias nesciunt et.</p><p>Nesciunt et expedita est in voluptatibus veniam non sunt rerum unde non sit omnis eaque quas itaque doloribus facere minima et ut quia deserunt aliquam ab debitis quos quis ex.</p>	143	5	2021-04-07 22:17:39.582211	2021-04-07 22:17:39.582211
1058	Time is of the essence.	4	<p>Vitae ab sed minima culpa ut rerum eum molestias quis qui amet perferendis esse tempora omnis velit voluptatibus alias dolore veniam ut aliquam ut rem quam saepe rerum suscipit id sequi fuga in porro soluta.</p><p>Eos soluta perferendis nihil quia libero voluptate labore asperiores ut quis voluptatibus molestias expedita inventore impedit iusto cupiditate quia consequatur eum quisquam fugiat eligendi et ut nesciunt et qui architecto.</p><p>Animi omnis quis ipsa est ipsam dignissimos sunt ut sit earum id sequi qui et incidunt porro quas qui culpa occaecati quasi vitae non cumque velit magnam odio nesciunt officia ut a libero voluptates et consequatur accusamus.</p>	143	10	2021-04-07 22:17:39.585345	2021-04-07 22:17:39.585345
1059	The dark times will pass.	5	<p>At molestias illum et voluptatem quia animi et ratione iure non perferendis dolores quibusdam ea molestiae sapiente repudiandae voluptatem in ducimus sint et minus commodi saepe placeat quia odio quia enim dolorem est quis harum.</p><p>Molestiae rerum aut dolor ipsam ullam et ex repellendus distinctio quia ea facere impedit aut illo et officia quas quam vel sed eum odit blanditiis quia voluptatum odio possimus consequatur velit fugiat.</p><p>Sunt dicta quibusdam quae omnis reiciendis aut ut vel sapiente repellat ex et molestiae voluptatem vitae eos aut ipsum quis fugit perferendis laudantium doloremque molestias praesentium tenetur illum rerum ad et dolorum perspiciatis.</p>	143	13	2021-04-07 22:17:39.588584	2021-04-07 22:17:39.588584
1061	Time is of the essence.	1	<p>Quisquam minus et officiis est ea dolorem debitis ducimus doloremque harum occaecati nemo repudiandae ut rem aspernatur quam ut delectus qui impedit consequatur praesentium molestiae reprehenderit sunt aut autem quae laboriosam consequuntur eum quo tempora commodi.</p><p>Ipsam iusto et est optio dolorem voluptas et numquam exercitationem nostrum illum recusandae ducimus occaecati nam qui voluptatum quisquam itaque dolorem sunt quia a veritatis dolores eos sit totam.</p><p>Iure esse ea blanditiis dolores magni voluptatem eum fugiat cupiditate est quod autem et minima sit a cumque numquam nam dolorem architecto qui dolorem unde expedita sed odit molestiae ullam voluptates ipsum et debitis.</p>	144	10	2021-04-07 22:17:39.795483	2021-04-07 22:17:39.795483
1062	An'u belore delen'na.	1	<p>Sit blanditiis aliquid dolores minus nostrum aut totam quia consequatur modi corrupti quia voluptates dolor quae ab dolorem quis exercitationem vitae odit praesentium voluptate consequuntur reiciendis maiores neque eligendi omnis nihil inventore earum.</p><p>Repudiandae sit possimus reiciendis quasi doloremque quos maiores error ea earum ut quis eos illum consequuntur culpa nostrum corrupti autem quia natus quo aut.</p><p>Officia eos amet id suscipit a omnis rerum ex nemo maxime ipsum doloremque nisi enim aut vel velit esse ea qui aliquam quod error odio.</p>	144	6	2021-04-07 22:17:39.798593	2021-04-07 22:17:39.798593
1063	Ah, you have a death wish.	4	<p>Maiores delectus velit quibusdam repudiandae saepe natus voluptate enim qui pariatur hic expedita mollitia aut aliquid non blanditiis aliquam id et incidunt repellat nam facilis et quam corporis numquam rerum consectetur et fugit nobis distinctio cum.</p><p>Quia et vel consequatur est omnis hic dicta et nisi quo ut necessitatibus vero optio facilis mollitia dolores ut omnis est excepturi non voluptatum commodi fugiat delectus.</p><p>Nostrum sunt numquam fuga et quasi amet eos quia aut minus voluptas mollitia temporibus quia nisi quae laudantium qui provident distinctio est id libero officia necessitatibus molestiae facilis.</p>	144	4	2021-04-07 22:17:39.80147	2021-04-07 22:17:39.80147
1064	I had little patience to begin with.	3	<p>Enim quod impedit qui et consectetur accusamus deserunt quibusdam consequuntur sed repudiandae beatae optio quisquam quidem et sint aspernatur et incidunt rem et vero molestiae aut minima voluptas est saepe ut asperiores facilis ducimus voluptates.</p><p>Aut suscipit neque eum qui ea qui impedit aspernatur laborum molestiae est porro quisquam quia similique et et quam esse in delectus voluptatum non quae voluptatem officiis et dolores perspiciatis minus vel est autem rerum dolor.</p><p>Aliquam optio autem non dolorum et nesciunt culpa laboriosam enim ipsum iure earum officiis similique itaque debitis et in magni sit fugiat vitae vero odit voluptatibus maxime facere quod atque numquam recusandae natus ut nobis cupiditate error.</p>	144	9	2021-04-07 22:17:39.804335	2021-04-07 22:17:39.804335
1065	Anaria Shola.	4	<p>Natus ut aut soluta quia quas sit nemo nam sequi voluptate deserunt est corrupti ut illum et vitae qui dicta rem consectetur velit consequatur ea hic sit perspiciatis praesentium quis.</p><p>Quia natus quibusdam consequatur itaque sequi sint quasi ut quae minima alias cum quia dolor odit consequatur voluptatibus sed non illo reprehenderit mollitia cupiditate exercitationem.</p><p>Qui in et qui iure nemo aut facere voluptates et corporis dicta assumenda possimus et enim et error aut delectus rerum facilis cumque ex.</p>	144	9	2021-04-07 22:17:39.806924	2021-04-07 22:17:39.806924
1066	What business have you?	2	<p>Assumenda sit ut harum itaque id velit quod error qui quis fugit quia eum eveniet numquam quas odio sit deleniti omnis rerum soluta aliquam commodi dolor consequatur vitae magni est est aut architecto qui libero.</p><p>Magni libero rerum temporibus sit eligendi sapiente perspiciatis et est eum vel incidunt molestias eius impedit voluptas possimus consectetur aliquid nostrum dolor ut asperiores voluptas omnis id dolore aut quis dolores dolor doloribus ex est.</p><p>Adipisci velit commodi voluptatum sed quia optio occaecati quis quo odio est quo sit nostrum sit saepe maiores reiciendis enim modi ut animi nesciunt sint recusandae ipsum omnis unde molestiae.</p>	145	8	2021-04-07 22:17:40.008159	2021-04-07 22:17:40.008159
1067	Why do you linger?	2	<p>Repellendus ut rem blanditiis eum repudiandae quisquam fugiat nesciunt mollitia voluptas cum repellat nobis quae itaque est qui sed libero architecto aut ratione unde et voluptate quo ipsam quia dolorum id est pariatur veniam.</p><p>Itaque vel distinctio quis reiciendis nihil consequatur necessitatibus facere magnam in voluptatem et voluptatum et ipsam incidunt mollitia iure sit aperiam error doloremque iusto ducimus voluptas a ex non.</p><p>Mollitia rerum eum doloremque et sunt quo beatae sed non non voluptatem enim quaerat officiis vero perferendis numquam voluptatum voluptatem sed magni fugit dolore corrupti et voluptate sint molestiae provident nulla sit quia eius nesciunt quo.</p>	145	7	2021-04-07 22:17:40.011203	2021-04-07 22:17:40.011203
1089	You waste my time.	1	<p>Modi porro sit expedita commodi voluptatibus ratione sint maxime odit rerum repudiandae consequatur ut qui quidem quas perferendis dolores inventore aperiam in velit alias ut non nisi impedit esse est.</p><p>Sapiente ex sit ut numquam mollitia a sed consequatur pariatur id iste eos ut eum maiores sint voluptas quo debitis voluptatem animi maxime ratione aut et tenetur incidunt voluptas.</p><p>A deleniti optio eius magni reprehenderit aliquam dolore sed rerum molestiae et repellendus incidunt enim nemo quisquam facilis quis tempore quos repellat culpa sed.</p>	147	1	2021-04-07 22:17:40.486784	2021-04-07 22:17:40.486784
1068	I sell only the finest goods.	3	<p>Distinctio quis quos perspiciatis dignissimos voluptatem officia corporis libero quasi consequatur et laudantium enim quia aut aut labore iure ex molestiae laborum eligendi et molestias fuga voluptatibus pariatur dicta vel a omnis harum voluptatem in rerum.</p><p>Et alias repellendus dolorem libero asperiores quis illo adipisci voluptatem odit reprehenderit sed in ipsa porro quaerat aspernatur neque itaque qui consectetur dolores voluptas assumenda iusto et sequi harum qui pariatur sunt qui placeat.</p><p>Et voluptatibus similique ipsam in et cupiditate ea reprehenderit quod recusandae molestiae magnam voluptate velit et error ut sed voluptas repellendus hic consequatur eum quibusdam voluptatem.</p>	145	8	2021-04-07 22:17:40.014397	2021-04-07 22:17:40.014397
1069	Mind yourself.	4	<p>Quam amet reprehenderit quo aut illo aut delectus ab qui saepe doloremque adipisci perspiciatis doloribus pariatur consequatur earum iusto iste voluptas numquam laudantium quia illum eveniet id repudiandae quia atque nesciunt corrupti non quasi tempora.</p><p>Sunt reprehenderit sunt soluta corrupti eos ipsa voluptas esse doloribus enim sit non quas asperiores vel nam delectus vel est occaecati ea aliquid aut laborum ut facilis eum odio et voluptate enim doloremque cumque veritatis.</p><p>Provident commodi doloribus ab dolore maiores tempora quis distinctio repellendus quia nulla qui adipisci sit harum quo aliquam totam nihil impedit in ad repellat aut vel asperiores et reprehenderit error.</p>	145	12	2021-04-07 22:17:40.017715	2021-04-07 22:17:40.017715
1070	It is a wonder you have lived this long.	2	<p>Non est rerum ex ducimus illo eius repellat et dolorem rerum quasi ab eos mollitia qui saepe et tempora ratione a non culpa sed quia occaecati aspernatur.</p><p>Maiores asperiores aliquid rem molestiae officiis est autem qui quis voluptas iusto in explicabo accusamus eius unde ipsam veritatis voluptatem doloribus minus voluptatibus placeat dicta itaque nihil ut blanditiis quae quaerat architecto laboriosam distinctio dolores.</p><p>Saepe delectus quia totam odit nihil corporis nam possimus voluptas tempore blanditiis architecto voluptates quod ducimus neque placeat reiciendis ut et repellat et quis eveniet dolor et est aliquid fugiat minus expedita illo sed alias ratione cupiditate.</p>	145	5	2021-04-07 22:17:40.020999	2021-04-07 22:17:40.020999
1071	Victory lies ahead!	4	<p>Officiis unde quaerat consequuntur eligendi non deserunt facere cum iure ea et quis eum fugit sint quia quos quibusdam suscipit et aut tempore molestias sint vitae mollitia et expedita nisi quod soluta tempora quia nostrum exercitationem rerum.</p><p>Doloremque ipsam sunt repellendus cumque nostrum culpa doloribus facilis ducimus porro possimus facere iste ut labore repudiandae est officiis et consequatur aut ut repellat a quia temporibus velit pariatur tempore non saepe nisi minima consectetur.</p><p>Cum eum nemo nam qui voluptate ab sapiente et aut excepturi et ipsa expedita repudiandae quia et blanditiis ipsum similique sint quibusdam iste commodi eos qui aliquam aut sit voluptatibus.</p>	145	3	2021-04-07 22:17:40.02429	2021-04-07 22:17:40.02429
1072	Mind yourself.	3	<p>Odio rerum doloribus repellat est velit nihil qui soluta ipsum et dignissimos sequi libero fuga illum eveniet nulla nobis ab consequatur consequatur et quos vitae provident aut aut quibusdam aut quam.</p><p>Maxime minima dolorem vel delectus esse sed consequuntur molestiae assumenda et quis omnis earum voluptatem aperiam perspiciatis magnam facilis tenetur est quia cupiditate debitis vero error nihil repellat.</p><p>Dignissimos est adipisci ducimus dolor molestias enim ea et rerum corporis a qui et asperiores maxime ullam accusantium ea et alias magni exercitationem aut labore nam sunt quo et ab delectus voluptatem aliquam ratione.</p>	146	8	2021-04-07 22:17:40.227413	2021-04-07 22:17:40.227413
1073	Why do you linger?	2	<p>Sit corrupti beatae porro eaque et iusto est quibusdam reprehenderit accusamus at aspernatur nemo aliquid nisi a modi quisquam praesentium dolorum recusandae quis dolores sit ipsa rerum fuga laudantium similique qui ullam et quam voluptates.</p><p>Distinctio quaerat et sunt nobis eos sint molestias beatae numquam et ipsa est quam dignissimos voluptatem maxime necessitatibus quibusdam nulla ut voluptate voluptatibus in veniam ad omnis consequatur nemo eius aliquam ut ea.</p><p>Deleniti illum aspernatur voluptas quisquam corporis similique consequuntur ut praesentium delectus debitis itaque sit soluta voluptatum qui officia consectetur quia aperiam quos tempora eum pariatur adipisci expedita omnis quasi laboriosam quo nisi modi qui.</p>	146	13	2021-04-07 22:17:40.231331	2021-04-07 22:17:40.231331
1074	Run away pest!	2	<p>Accusantium deleniti ipsum fuga dicta minima voluptas consectetur sed animi aliquid quo odit eos officiis corporis molestias praesentium qui atque hic quis cum dolores sint et.</p><p>Et rerum laboriosam incidunt ratione quia doloribus sapiente laborum at esse nam aliquam ullam ea earum beatae vitae officiis autem a voluptas molestias suscipit neque ipsum nihil sit aut provident mollitia.</p><p>Natus illum in non voluptas dolorem eaque corrupti modi provident animi quibusdam eos non voluptate labore aut placeat harum sit quae quo cupiditate et dignissimos voluptatibus vel quos.</p>	146	11	2021-04-07 22:17:40.235694	2021-04-07 22:17:40.235694
1075	The reckoning is at hand!	2	<p>Corporis alias eveniet omnis fuga et voluptatem debitis aut recusandae quia at explicabo asperiores velit neque omnis incidunt molestiae enim accusantium expedita necessitatibus sunt magni et veniam.</p><p>Corporis cumque ut aut inventore quo veritatis sed hic voluptatum aut tempora distinctio impedit labore velit cum consequatur excepturi tempore non sed ad reiciendis dolore tenetur suscipit deleniti dolores.</p><p>Doloremque nostrum sit sunt consequatur ducimus voluptatibus aut esse perferendis voluptate magni aut molestiae et officiis corporis id delectus aut ratione ea rem occaecati non atque ipsam saepe eum.</p>	146	5	2021-04-07 22:17:40.239704	2021-04-07 22:17:40.239704
1076	State your business.	2	<p>Aut tempora enim non iste voluptas consequatur quibusdam a provident aperiam consequatur et repellendus dolor aut porro libero ut quo possimus soluta minima vero nulla vitae doloremque at animi.</p><p>Est voluptas enim ratione quia sunt at qui omnis praesentium natus iste quidem eius tenetur optio qui velit excepturi magnam enim nemo non cumque dicta dolore et culpa molestiae.</p><p>Et quidem omnis qui cum repellendus nemo consequatur qui eum voluptatum soluta rerum aliquam deserunt quia eligendi earum labore quae officiis aut distinctio et similique cumque in perferendis totam enim ea molestias quas facere est.</p>	146	10	2021-04-07 22:17:40.24342	2021-04-07 22:17:40.24342
1077	I had little patience to begin with.	3	<p>Ut veniam quasi commodi illo accusantium doloremque dolorem reiciendis culpa qui aut quam laudantium sit aut et quibusdam voluptatem et non voluptatibus consequatur sint voluptatum id exercitationem dolor mollitia voluptas eum ea aut.</p><p>Quas dignissimos quam at nobis ducimus aut perferendis vero architecto magnam ipsum sit totam voluptas eveniet neque voluptas blanditiis accusamus praesentium velit ut nisi aliquid id qui aut quis fugit enim vel distinctio.</p><p>Ad laborum tenetur numquam ea aut accusamus deserunt id odit maiores necessitatibus corrupti aut eius qui qui quia quae eligendi minima doloribus beatae esse.</p>	146	9	2021-04-07 22:17:40.247232	2021-04-07 22:17:40.247232
1078	Run away pest!	5	<p>Amet sint officiis optio nostrum earum illo dolores omnis facilis voluptatum voluptatem voluptate eum accusantium perferendis iste tempora repellendus et corrupti quasi nihil blanditiis quia rem rerum.</p><p>Temporibus nostrum repellat molestiae laborum qui iste voluptates totam omnis reprehenderit possimus impedit necessitatibus pariatur qui repellendus voluptatem ipsam modi nulla qui doloribus ea beatae voluptatem vitae libero quibusdam natus perferendis ut distinctio facere debitis ratione.</p><p>Est nesciunt distinctio commodi quis tempore consectetur eius aliquid nisi id dicta aliquam molestias et fugit consequuntur aperiam voluptatem earum incidunt dolores explicabo quibusdam laudantium qui neque placeat et quia inventore illum.</p>	146	1	2021-04-07 22:17:40.250335	2021-04-07 22:17:40.250335
1079	I had little patience to begin with!	1	<p>Nihil et molestiae porro quidem molestias in aliquam labore sit nemo quae aspernatur tempora reprehenderit sed repellendus laboriosam dolorem temporibus eius non neque libero quos.</p><p>Quia sed et voluptas voluptatem aliquid eaque vitae porro molestiae voluptate accusamus eligendi qui commodi dolorum deleniti quo est reprehenderit maiores assumenda illo culpa similique sed.</p><p>Aut et facere officiis animi rerum accusantium expedita aut saepe eligendi vel incidunt quos provident vel maiores aliquid possimus quis quas id minima aut consequuntur qui vero quod hic delectus nam alias natus eos aut.</p>	146	14	2021-04-07 22:17:40.253723	2021-04-07 22:17:40.253723
1080	Our enemies will fall.	1	<p>Nulla ad libero aut rerum alias earum iusto maiores omnis hic numquam rem omnis perspiciatis itaque in et eos quae deleniti veritatis tenetur exercitationem rerum eligendi optio repudiandae.</p><p>Porro et quia ipsam accusantium quae doloribus nostrum totam nesciunt omnis sunt ullam iure autem recusandae voluptatem cumque atque magnam unde eaque optio quidem corrupti debitis sint eius necessitatibus voluptate voluptatum fugiat soluta sed.</p><p>Sunt molestiae officia quia voluptatum optio voluptas vitae quia vel voluptatem aut voluptas occaecati expedita soluta dolores error sit qui velit dicta et facilis a assumenda.</p>	146	4	2021-04-07 22:17:40.256701	2021-04-07 22:17:40.256701
1081	Keep your wits about you.	4	<p>Voluptatem laboriosam expedita error neque est aut et doloribus ad at non voluptatum consequatur veniam mollitia voluptatem ipsa quidem commodi optio placeat exercitationem recusandae qui voluptate et.</p><p>Ut omnis eaque corporis occaecati nulla soluta eligendi aut quam placeat laborum perspiciatis omnis aut nisi dolorem est laboriosam optio cumque porro delectus rerum maiores nostrum veniam earum dolore ab ex vitae est similique.</p><p>Facilis qui ea sit deserunt ratione odio dignissimos quisquam consequuntur sint non architecto odit et dolor explicabo ex maiores tempora optio libero nihil ipsa voluptate magni vel laudantium illum fugiat labore molestias tempore at ut laboriosam.</p>	146	6	2021-04-07 22:17:40.260192	2021-04-07 22:17:40.260192
1082	Your gold is welcome here.	2	<p>Dicta possimus nostrum debitis dolorem recusandae facilis ipsam magnam neque dolor error aut in enim sed quas iste ea quae iusto et vero reiciendis fuga eveniet.</p><p>Accusantium quis aut et facere harum laudantium rem deleniti consectetur rerum hic sapiente quae eos sint commodi dolorem sit nihil voluptate voluptatem exercitationem ut et tenetur quo explicabo quia ducimus doloribus recusandae ullam possimus molestiae dolores omnis.</p><p>Velit commodi et ratione voluptatem eius minus accusantium dignissimos qui minima nobis placeat quia sunt et doloremque unde sequi ut non consequuntur aut voluptate ad suscipit magnam quis et possimus.</p>	146	3	2021-04-07 22:17:40.263098	2021-04-07 22:17:40.263098
1083	You waste my time.	3	<p>Quas et maiores ex ipsam dolore aperiam tempora rerum aliquam eum iure eveniet aliquid qui ut officiis animi repellat minus et dolorum odio autem sit.</p><p>Sint dolores iusto delectus labore et debitis qui repudiandae aspernatur sunt expedita aut culpa explicabo cum assumenda asperiores autem sed magni ea quidem rem eveniet dolorum iste at corrupti totam fugiat ut excepturi et numquam.</p><p>Qui atque consectetur ratione tenetur dicta qui possimus velit eos ea enim doloremque quia qui optio expedita repellat ut cum omnis vitae aut et nisi voluptatem.</p>	146	9	2021-04-07 22:17:40.266182	2021-04-07 22:17:40.266182
1085	You waste my time.	2	<p>Enim quos aut similique necessitatibus qui aut aspernatur ea ipsa dicta deserunt nesciunt rem est modi eveniet voluptatem ut pariatur quae ut fugiat sit dignissimos iure.</p><p>Sunt ea non nam rem tempore voluptas voluptatum tempora culpa eveniet ad maxime qui sapiente hic at quos eius libero nisi quaerat animi fuga et quae distinctio eum reprehenderit est laboriosam dolores voluptatem et id rerum.</p><p>Rerum ipsa praesentium et maiores excepturi nemo inventore qui debitis tempora magni in eos velit atque et sequi animi quod modi ea a molestiae fugit.</p>	146	8	2021-04-07 22:17:40.271989	2021-04-07 22:17:40.271989
1086	Choose wisely.	2	<p>Dolor et eaque similique quos autem voluptate qui sunt unde omnis dolores quo qui sed a possimus voluptatum eum asperiores nisi recusandae magni voluptatem adipisci aliquid ipsa vero voluptas velit in qui debitis eligendi et laudantium quam.</p><p>Facere in sunt quis laborum et voluptas molestiae ipsa sint nostrum rerum iure fuga dolorem optio libero dignissimos placeat incidunt ad et sint eum sit qui qui.</p><p>Eum reprehenderit voluptas accusantium aliquam aut ea possimus pariatur itaque id quia inventore qui mollitia numquam qui eligendi sit hic id cumque et tempore ullam placeat.</p>	147	8	2021-04-07 22:17:40.476556	2021-04-07 22:17:40.476556
1087	The Eternal Sun guides us.	1	<p>Quae totam dolore rerum sit inventore neque aliquam ex quas suscipit id mollitia et aliquid deserunt vel sit ut culpa odio nihil sit illum porro incidunt illo doloribus possimus aspernatur aut quia.</p><p>Ea dolorem est eveniet repudiandae sit et porro nihil veniam dolor et tenetur adipisci laborum quia ab pariatur velit est occaecati rerum non iste fugit voluptas explicabo amet quia delectus et inventore autem ex magnam qui ullam.</p><p>Est totam sit deserunt perferendis inventore in aut architecto debitis quis optio voluptatibus nemo mollitia omnis error nisi nam recusandae dolores dolorem quia doloribus molestias quibusdam vitae eum id saepe vel animi dolor corporis sint cum eius.</p>	147	13	2021-04-07 22:17:40.479479	2021-04-07 22:17:40.479479
1084	Do not loiter.	5	<p>Omnis aut reiciendis est totam fugit quis aliquid dolorem expedita et nesciunt officiis dolor aut est aliquam et ab quia libero molestias ipsa reprehenderit et amet quo dolorum cumque saepe dolor dignissimos eligendi voluptatem et.</p><p>Et accusamus incidunt porro quia autem amet qui est perspiciatis fugit quod modi molestiae sed dolor vel debitis et in rerum alias nisi maxime.</p><p>Natus ut unde quidem vel quod aliquid alias doloribus et dignissimos quibusdam eaque consequatur cumque autem vitae culpa omnis reprehenderit pariatur dolores fuga aut et.</p>	146	10	2021-04-07 22:17:40.269151	2021-04-08 18:24:55.345865
1091	Stay the course	5	<p>Sed ea voluptates consequuntur cupiditate quas porro voluptatem deleniti voluptate qui inventore non esse provident itaque omnis perferendis ut qui voluptas voluptatem illo architecto voluptatibus et est dolor et optio distinctio beatae sit quod expedita voluptatem.</p><p>Modi vel laboriosam laborum sit voluptates consequuntur dolorem omnis omnis molestias dolor cum nisi et ut magnam alias consequatur laudantium harum velit tenetur est impedit placeat quae unde molestiae atque cumque.</p><p>Officiis est voluptatem vel praesentium impedit tenetur ipsa vero consequatur quis pariatur quos ea aut ex quia corporis adipisci hic et eos voluptas earum in explicabo illo aperiam error enim fugit.</p>	147	8	2021-04-07 22:17:40.494395	2021-04-07 22:17:40.494395
1092	Not very intelligent, are you?	3	<p>Dolorem et animi id error voluptas non quod consequatur quasi in nam a voluptatibus reiciendis aut explicabo atque cupiditate et enim placeat at distinctio praesentium modi magnam recusandae est quidem consequuntur officiis molestiae necessitatibus sunt optio dolor.</p><p>Quod velit qui distinctio commodi rem modi nemo repellendus accusantium aliquam autem qui ad sed sequi aut eos est illum rerum rerum est in neque et et qui omnis voluptas voluptatum sed corrupti.</p><p>Impedit nihil nisi vel doloribus facere molestiae tenetur provident illo deleniti dicta est pariatur similique sapiente sequi voluptates voluptatibus quidem incidunt non dolorem fugiat et minima aliquid nihil voluptatem sed hic officiis totam dolores maiores occaecati.</p>	147	12	2021-04-07 22:17:40.497921	2021-04-07 22:17:40.497921
1093	Our enemies will fall!	1	<p>Pariatur ad laboriosam officiis ut laudantium ab ipsa nihil possimus et eum repudiandae quibusdam corporis et officia voluptatem maiores molestiae sed est non dolorem.</p><p>Laborum id alias dolorum eum odio architecto sit rerum ut ut harum repellat illum odit ea laboriosam est voluptates quis itaque dolorem est sed non quasi unde eum est voluptas aut.</p><p>Est autem deleniti non assumenda laudantium eaque nam pariatur delectus qui ab vero culpa dolorem consequatur sed earum voluptas soluta alias quia eius explicabo totam repudiandae.</p>	147	4	2021-04-07 22:17:40.501388	2021-04-07 22:17:40.501388
1094	I sell only the finest goods.	3	<p>Similique est ratione minima eum autem quam quia vel commodi iste amet perspiciatis et qui non facere dolore voluptas ut tempora tenetur neque est maiores ex dolores nesciunt qui mollitia consequuntur dolorum consequatur odio.</p><p>Eos in officia modi aut et libero ut illum voluptates id ea aut et est accusantium tenetur aut est laborum ullam ex placeat explicabo quis est maxime quo voluptatem rem inventore sed itaque voluptas.</p><p>Aliquid officiis dolorum sapiente quisquam ut aut exercitationem eos eaque enim dignissimos laborum expedita qui eum aut aut itaque dolores molestiae accusamus debitis fugiat inventore ut velit qui rerum est deleniti quis iusto consequuntur facilis dolor magni.</p>	147	9	2021-04-07 22:17:40.50481	2021-04-07 22:17:40.50481
1095	Anaria'shoala.	3	<p>Voluptas sit perferendis consequuntur iure vel tempore enim distinctio tenetur fugiat dicta neque delectus alias quod hic fugit eos recusandae nostrum nulla sequi officiis eum.</p><p>Neque temporibus perferendis vero maxime hic iusto non atque aut possimus consequatur esse molestiae iste accusantium eum consequatur dolores tempora nisi molestias assumenda aut dicta eius veniam autem laudantium et et quasi deserunt voluptate explicabo enim.</p><p>In consequatur voluptatem sint eum excepturi est autem minima occaecati nam veritatis qui alias facere ut vel aut nemo hic et natus sit distinctio omnis perferendis aperiam velit voluptatibus consequatur qui rerum eveniet harum quia repellat.</p>	147	8	2021-04-07 22:17:40.508168	2021-04-07 22:17:40.508168
1096	Stay the course	1	<p>Exercitationem quasi velit rem eos natus tempore excepturi aliquam qui fugit eligendi corrupti temporibus aperiam molestias suscipit est nobis voluptas quia magni aut repudiandae possimus ipsa fuga quos dolor.</p><p>In incidunt odit reprehenderit sapiente sed praesentium vel nihil cum pariatur recusandae eum et quisquam odio facilis qui cupiditate unde quasi dolore nam libero occaecati quidem.</p><p>Omnis voluptas ut nesciunt id ut soluta necessitatibus aut fugiat aliquam odit iste sequi est repellat velit quidem cumque corrupti iure ad in nihil qui rerum voluptates aut dolore harum sint ut magni.</p>	147	12	2021-04-07 22:17:40.510965	2021-04-07 22:17:40.510965
1097	Bal'a dash, malanore.	3	<p>Corporis delectus placeat saepe qui sed non dolores sit libero maxime deserunt omnis vel ipsam suscipit consequatur laborum nemo architecto et perferendis molestiae voluptas molestiae quaerat voluptatem itaque consequatur.</p><p>Ipsa nesciunt et tenetur esse eos pariatur totam id consequatur fugiat sequi libero voluptas voluptate impedit dolor dolores et autem sit incidunt sunt maxime ut modi voluptatem nulla perspiciatis odit.</p><p>Aut sint rerum dolores nesciunt modi veniam quo dolorem est ullam aperiam quo aut est eos iure tempore fugit quia possimus officia ratione non.</p>	147	10	2021-04-07 22:17:40.51375	2021-04-07 22:17:40.51375
1098	Your gold is welcome here.	3	<p>Aut vel nesciunt ullam molestiae et qui quas eos qui iure suscipit porro reprehenderit quod eaque excepturi voluptas voluptas velit dolorum optio est sed in illo fuga maiores placeat dolorem.</p><p>Quam eveniet ducimus esse quasi ad qui dolor aut necessitatibus rerum quibusdam impedit doloremque est autem a totam consectetur adipisci expedita officia maxime nam corrupti vel libero modi qui ipsa odit voluptate consequuntur earum voluptatem aut.</p><p>Ut officia consequuntur modi voluptate odit voluptatibus eius ut natus est maiores dolorum error in sint explicabo quod beatae quibusdam delectus eum nam reiciendis laboriosam incidunt rerum mollitia sit quis sed amet id et deleniti voluptatem libero.</p>	147	5	2021-04-07 22:17:40.516505	2021-04-07 22:17:40.516505
1099	Ah, you have a death wish.	2	<p>Officiis vel est omnis qui deleniti et exercitationem accusantium est aspernatur eum et architecto cum ad explicabo possimus qui aut porro beatae reprehenderit voluptatibus nihil at voluptatem voluptatem quis repellat labore.</p><p>Commodi et dicta possimus et est voluptas quia at doloremque incidunt et perspiciatis praesentium repellat non aut sunt aut vel et voluptas dolores sit ipsa quia nulla officiis id numquam voluptas maxime magnam.</p><p>Dolore eveniet voluptatem mollitia dolorum dolor et veritatis doloremque voluptatem asperiores a laudantium ut velit et vel ducimus et illum quia corporis impedit consequuntur ipsa hic est sed.</p>	147	1	2021-04-07 22:17:40.51924	2021-04-07 22:17:40.51924
1100	The Eternal Sun guides us.	3	<p>Deserunt ipsum soluta voluptatem reiciendis facere ut rerum dicta temporibus natus nostrum et nihil ad reprehenderit eligendi ducimus aperiam perferendis quibusdam molestiae aspernatur qui ut qui architecto eos eum ab libero.</p><p>Et animi ut et nobis voluptatem nostrum non laboriosam aperiam eligendi aspernatur nulla facilis quia quia dolorem eum eos et sunt quis enim adipisci quidem consequatur molestias illum ab quibusdam iure aut et est exercitationem quisquam repudiandae.</p><p>Consequatur ipsam placeat voluptatem sunt veritatis quasi repellendus nisi voluptatibus ut sapiente magnam asperiores itaque repellat iure eos odio at commodi quis suscipit modi enim molestiae ratione accusantium temporibus cupiditate voluptatum qui omnis hic.</p>	148	5	2021-04-07 22:17:40.731505	2021-04-07 22:17:40.731505
1101	Do not loiter.	1	<p>Ab rerum voluptas eius sed sit exercitationem quia officia dolor quo velit cupiditate ipsum quia corrupti beatae delectus recusandae enim provident vel optio perspiciatis qui molestiae dolores nesciunt saepe autem ut neque eos ut.</p><p>Assumenda molestias debitis est cumque optio voluptate magni corporis id qui dolores voluptatem sunt consequatur quidem molestiae officiis nobis eos vel reprehenderit modi ea quisquam quibusdam pariatur rem beatae fuga illum quis et nam sed earum dolor.</p><p>Consectetur qui magni et porro nobis tempore velit ipsa alias dolores consequatur quia aspernatur rerum praesentium suscipit voluptatem laudantium et voluptatibus sint est voluptatum culpa.</p>	148	12	2021-04-07 22:17:40.734534	2021-04-07 22:17:40.734534
1102	Victory lies ahead!	4	<p>Fuga quia dolorem fugiat molestiae odit rerum minima consectetur qui minus aut quia veritatis omnis in dignissimos nesciunt nisi qui est aperiam voluptatem occaecati rerum molestiae corporis rerum numquam velit dolorum ut laboriosam corrupti facere deleniti voluptas.</p><p>Et pariatur esse vel architecto et non quibusdam ipsa saepe voluptatem autem at adipisci et aperiam aut quia voluptatum repellat minima nostrum corporis iure dolor ipsum dolorum dolor a ut qui.</p><p>Inventore sit nesciunt repellendus labore ipsam debitis eligendi beatae accusamus iusto asperiores aut ea id autem dolorem molestias numquam qui quo quisquam fugit corrupti id aspernatur nam qui autem laudantium ad blanditiis rerum delectus iste et magni.</p>	148	1	2021-04-07 22:17:40.737294	2021-04-07 22:17:40.737294
1103	Your gold is welcome here.	4	<p>Doloribus ipsum dolorum odio perspiciatis atque illum aspernatur enim suscipit dolore eaque commodi laboriosam error maxime esse quo debitis id ea sit fugit laborum.</p><p>Harum ut unde voluptatum esse saepe quas eius soluta excepturi debitis explicabo totam doloribus facilis dignissimos quo quae est qui aut voluptate omnis fuga odio perspiciatis quidem.</p><p>Reiciendis quaerat vero optio eum et blanditiis cum vel earum et sit tempore minima necessitatibus dolorem consectetur eius non commodi inventore facilis excepturi possimus magni alias esse hic quam eos soluta.</p>	148	3	2021-04-07 22:17:40.740105	2021-04-07 22:17:40.740105
1104	It is a wonder you have lived this long.	3	<p>Iste non illum est sunt architecto itaque dolores vitae hic et commodi alias rem aspernatur neque culpa qui officiis aut nesciunt ut provident est modi in rerum consequatur molestiae similique dicta error enim sit assumenda placeat.</p><p>Consequuntur fugit nulla iste id quae cupiditate ipsa delectus temporibus est reprehenderit quia consequatur at sit a et et quia qui consequatur tenetur amet enim dignissimos alias aut consectetur explicabo quam nobis doloribus pariatur quia autem necessitatibus.</p><p>Quas deleniti rerum ratione rerum omnis assumenda qui ut omnis voluptatum ipsam facere numquam nulla sapiente delectus aliquid quibusdam ut deserunt fugiat voluptate minima cum et similique iusto sit dolores quam.</p>	148	2	2021-04-07 22:17:40.742913	2021-04-07 22:17:40.742913
1105	The Eternal Sun guides us.	5	<p>Ipsum a eum veniam ea non nostrum et quis in aut nulla voluptatum et et id voluptatem possimus cum quaerat consequuntur aliquam quo consequatur sunt omnis similique totam ut aliquid eveniet eaque voluptas dolorem perspiciatis recusandae velit.</p><p>Numquam cumque reiciendis sed quisquam sapiente aut nulla dignissimos voluptas perferendis iusto et similique nihil qui atque dolor nemo consequuntur perspiciatis officiis ipsa dolores eos saepe placeat qui aut culpa quae ut sit sint sed est voluptas.</p><p>Illo error ipsum doloremque tenetur facilis id exercitationem dolores perferendis saepe qui ut laudantium quod sint eveniet hic enim aut quia quia est dolor architecto minima illum cum.</p>	148	8	2021-04-07 22:17:40.745526	2021-04-07 22:17:40.745526
1106	State your business.	3	<p>Necessitatibus dolor a molestias quod minus esse assumenda consequatur nostrum enim doloribus consequatur deserunt commodi sequi architecto eos sit aut saepe et neque occaecati et harum reprehenderit nihil quaerat non facilis cupiditate porro exercitationem ut fugiat.</p><p>At dolorem quo sed dolores ullam quibusdam non dolorum voluptas quia id amet ipsam aut quidem culpa necessitatibus est eum expedita omnis et itaque voluptatem porro voluptate deserunt.</p><p>Aliquam et repellendus non facere veniam voluptate necessitatibus vitae eos quia dolorum unde facilis ducimus esse nemo hic earum quo impedit aut provident perferendis qui magni.</p>	148	5	2021-04-07 22:17:40.748194	2021-04-07 22:17:40.748194
1107	It is a wonder you have lived this long.	1	<p>Quisquam voluptatum in et ipsa consequatur recusandae corporis esse eos beatae velit voluptas natus distinctio facilis delectus autem saepe quis nobis est vel architecto iure nihil dolor voluptatem quo ea optio.</p><p>Ipsum sed enim commodi et dolore nisi quis qui non voluptates corrupti iusto sint odit quidem architecto beatae aut aut dolorem ratione laudantium vero.</p><p>Tempora animi perferendis culpa dolor recusandae est sit commodi quis rerum consequuntur maiores non ipsa harum deserunt minus in dolores sed inventore aliquam architecto molestiae aut velit atque sit vel corporis.</p>	148	1	2021-04-07 22:17:40.75106	2021-04-07 22:17:40.75106
1108	Time is of the essence.	5	<p>Harum quas qui quidem non aut in eum non ea ratione et omnis facilis nesciunt sed est illum corporis in alias voluptatem temporibus expedita et laboriosam vel autem accusamus velit aut fugiat.</p><p>Sit debitis voluptatem rerum minus aut rerum nobis et omnis sed voluptas et veritatis consequuntur aut vero dolorem qui sunt aut modi non nam odit ex laborum.</p><p>In labore tempora voluptates assumenda laboriosam quos eius suscipit maxime corrupti rem veniam at delectus sunt sunt velit neque perferendis vero itaque ullam ut nihil sint qui.</p>	148	13	2021-04-07 22:17:40.754002	2021-04-07 22:17:40.754002
1109	I sell only the finest goods.	4	<p>Animi ut aperiam quod eius fuga totam eum nemo ducimus et rem voluptas similique temporibus aut quibusdam maxime eveniet saepe sunt unde laboriosam placeat hic.</p><p>Voluptatum aut esse ea aut cumque sunt nostrum porro maxime expedita incidunt et et ut velit placeat est consequatur iusto quos doloremque et est veniam sapiente quam eaque.</p><p>Atque voluptates suscipit vitae ut pariatur sint est enim earum quia dolorem cum est nisi fuga commodi harum et beatae laudantium quaerat voluptate nesciunt architecto quibusdam quo sit aut iusto aliquam quia dolores reprehenderit distinctio.</p>	148	9	2021-04-07 22:17:40.757621	2021-04-07 22:17:40.757621
1110	Ah, you have a death wish.	2	<p>Quisquam in vero harum necessitatibus vel eveniet quibusdam sit veniam non vitae aut et nisi omnis aspernatur et accusamus voluptates sint aut voluptatem excepturi unde earum magnam.</p><p>Non nihil provident quos explicabo maxime inventore consequatur rerum et autem reprehenderit in eius corrupti sit harum unde modi ut saepe sapiente illum reiciendis omnis quia perferendis rerum ipsam tenetur.</p><p>Officiis aut eos quisquam et aut consequatur omnis sint sed pariatur reiciendis ullam accusamus non est iusto sit ex sint quam non aspernatur esse cumque voluptatem debitis distinctio quos.</p>	149	3	2021-04-07 22:17:40.964644	2021-04-07 22:17:40.964644
1122	Remember the Sunwell.	2	<p>Sit qui aut eum facilis autem tenetur quasi ipsa voluptatum neque voluptatem omnis recusandae rem ad corrupti commodi maxime dolores dolor iste quae repellendus totam magni porro officia quam quos.</p><p>Commodi corporis non ullam laboriosam ea est consequatur assumenda porro omnis facere totam natus numquam aspernatur magni vel repudiandae fuga et voluptatem quo quia sequi id sint pariatur.</p><p>Mollitia quaerat enim fugiat dolor nam et eos alias ea libero ducimus dolores labore voluptate quas aut nesciunt cupiditate ex illum velit totam nisi quibusdam quos.</p>	151	11	2021-04-07 22:17:41.408179	2021-04-07 22:17:41.408179
1111	Do not loiter.	5	<p>Incidunt quidem et at quo impedit eius maxime consequuntur perferendis fuga natus nemo ab est nihil id eum qui ut tempora doloremque et sed qui nulla illo dolor delectus voluptates similique doloribus vero.</p><p>Et quos ea omnis fugit vel sit aliquid dolore explicabo quia ut harum quod eum nulla incidunt consequuntur quaerat ad vitae accusamus voluptas itaque sed optio voluptatem.</p><p>Nobis sit reiciendis enim non temporibus voluptatem illum qui laborum a ad pariatur ut debitis cupiditate quaerat nesciunt sapiente consequatur maxime nostrum natus autem quis saepe at nisi perspiciatis repellat asperiores eligendi et modi commodi sint.</p>	149	12	2021-04-07 22:17:40.967667	2021-04-07 22:17:40.967667
1112	Not very intelligent, are you?	1	<p>Voluptate explicabo debitis et aut a omnis officia velit voluptates officiis facere consequatur aut ullam omnis adipisci rerum laudantium voluptatem eos quas earum dolor necessitatibus nobis perspiciatis odio iusto et aut.</p><p>Tempore velit impedit enim assumenda nihil mollitia dolorum ut ullam est pariatur eum molestias aut repellat et dolores quae doloremque blanditiis non officia dolorem et ut reiciendis dignissimos sed in sint quia quibusdam non consequatur libero.</p><p>Rem necessitatibus autem rerum distinctio dolorem quam at quasi accusamus aut nam iure et architecto iste qui earum dolor facere autem aperiam atque exercitationem sapiente voluptatem inventore sint eius omnis.</p>	149	3	2021-04-07 22:17:40.970742	2021-04-07 22:17:40.970742
1113	Run away pest!	2	<p>Ut ea dolorem aut voluptatibus distinctio animi corrupti aut optio voluptatem ad et sed et et autem quia sint quidem labore in reiciendis qui possimus et error tempora molestiae maiores totam corporis facere voluptatem similique accusamus.</p><p>Nam ab dolore voluptatem voluptatum id eum consequatur soluta qui facere fuga ut aut amet exercitationem aut explicabo molestiae corporis velit ad unde est natus aut qui et quia accusantium sit.</p><p>Natus explicabo in nisi sed qui odio voluptas veniam ad recusandae quia voluptas est dicta voluptatem necessitatibus at ex quis magni reiciendis omnis animi repellat expedita quam tempora amet excepturi porro.</p>	149	8	2021-04-07 22:17:40.973659	2021-04-07 22:17:40.973659
1114	Stay the course	2	<p>Recusandae distinctio sit quod minus ipsa porro facilis tempora illum ea quos quia quo illo autem veritatis delectus odio consequuntur neque iusto molestiae est cumque.</p><p>Qui enim itaque tempora deserunt maiores quas adipisci esse magnam et cumque sed in iste non tenetur aut illum modi voluptatem nihil autem rerum numquam ut et omnis ut.</p><p>Dolor distinctio occaecati in ut fuga id enim aut ad maxime iusto molestiae non esse ea tempora voluptatibus consequatur adipisci quaerat repellat et et est quia vero odit.</p>	149	7	2021-04-07 22:17:40.976758	2021-04-07 22:17:40.976758
1115	I sell only the finest goods.	3	<p>Voluptates et commodi quae ut quia quia placeat deleniti dolorem deserunt id qui eos necessitatibus ullam dolores est provident incidunt cupiditate nesciunt cum quod et accusantium excepturi.</p><p>Distinctio pariatur impedit maiores magnam ipsum autem aperiam sit recusandae ducimus fuga ut et aut commodi cumque numquam cupiditate doloremque consequatur expedita velit laboriosam.</p><p>Eaque fuga et voluptatem laboriosam delectus neque iusto ab ipsa repellendus voluptas nostrum nihil ut nisi aut qui facilis consequuntur fugit autem ratione rerum est et asperiores laborum ut sit explicabo molestias aliquid sed magnam et quis.</p>	149	4	2021-04-07 22:17:40.980694	2021-04-07 22:17:40.980694
1116	Not very intelligent, are you?	1	<p>Esse sit magnam non quae cumque ipsa eligendi enim impedit est deleniti illum neque sed possimus quibusdam ex modi iusto aut deserunt nesciunt quas ut dolor quam.</p><p>Nobis iste incidunt voluptas ullam unde aut ea qui ea voluptatum omnis sit est laudantium repudiandae ab cumque accusamus ut eveniet sit velit quo est sunt aut pariatur excepturi et iusto qui recusandae.</p><p>Ad fugiat maiores hic et autem suscipit explicabo dolore est ut praesentium quasi vel et provident dolor aut debitis nihil inventore expedita veniam soluta ipsum facere.</p>	149	6	2021-04-07 22:17:40.984651	2021-04-07 22:17:40.984651
1117	Sela'ma ashal'anore!	3	<p>Ducimus voluptatem optio debitis perferendis ea illo aut nam aut necessitatibus quia magnam maxime sint ad doloribus sed vero quis molestias ab quos magni.</p><p>Dolore dignissimos occaecati inventore debitis modi similique autem repudiandae magnam qui laboriosam facere illum sapiente dolor eum ipsa minima velit perferendis nostrum vero blanditiis.</p><p>Vel inventore est aut dignissimos sed quas et non ut consequatur nisi tempore exercitationem vitae sequi neque voluptatem ut dolor quibusdam ea praesentium enim id modi rem dolores eum reiciendis esse recusandae nobis et.</p>	150	5	2021-04-07 22:17:41.195047	2021-04-07 22:17:41.195047
1118	The Eternal Sun guides us.	1	<p>Voluptate aut qui dignissimos fugit odio perferendis dolores vel quo dolor quam autem nesciunt qui maxime voluptatibus maiores pariatur non dicta ipsum tempore natus fugiat et cupiditate ut quibusdam nam quae ut.</p><p>Officiis aliquam quisquam accusantium exercitationem animi inventore architecto aut vitae ut voluptates rem mollitia corrupti ipsam pariatur voluptatem sed sed velit dolorem nesciunt omnis reiciendis velit necessitatibus fuga nobis quo quidem.</p><p>Sunt consequatur ex voluptatem et at ut dolorem maiores provident aspernatur rerum aut nobis quas qui ut nam pariatur necessitatibus in autem omnis modi id est architecto cupiditate ducimus.</p>	150	5	2021-04-07 22:17:41.198635	2021-04-07 22:17:41.198635
1119	Why do you linger?	4	<p>Maxime et quis eius id qui dignissimos autem delectus debitis et voluptatem aut maiores est perspiciatis et exercitationem ab eos suscipit saepe est nam accusantium veritatis laboriosam repudiandae illum molestias distinctio.</p><p>Iure quia magnam labore molestiae dolorem voluptas a excepturi et maxime consequatur voluptatibus ipsum enim id aut ut aut quisquam voluptatem et laborum nisi sequi velit voluptas alias cupiditate distinctio.</p><p>Molestiae quo commodi aliquam debitis aspernatur quia fuga est magnam suscipit dolore voluptas tempore non excepturi saepe non molestias facilis eum doloremque exercitationem qui sint.</p>	150	8	2021-04-07 22:17:41.201954	2021-04-07 22:17:41.201954
1120	Shorel'aran.	2	<p>In nesciunt at porro officiis et distinctio rerum quaerat sit aut rerum eos perferendis iure neque quos ipsam error ut voluptate eveniet iste possimus dolorum libero.</p><p>Voluptate cumque est et quasi quia modi tenetur ratione nobis repellendus non officia exercitationem perspiciatis aut corporis maiores eum quam omnis voluptatum ea maxime consectetur autem dicta eum sed dolor doloribus consequuntur nam voluptatem fuga alias.</p><p>Sunt exercitationem odio illo velit et libero veniam ducimus at quibusdam sit aut occaecati quo iure in laborum aliquam deserunt distinctio aut qui a impedit repellat temporibus ipsa assumenda atque asperiores eos dicta.</p>	150	10	2021-04-07 22:17:41.204964	2021-04-07 22:17:41.204964
1121	Sela'ma ashal'anore!	2	<p>Consequuntur sed quis fugit provident assumenda temporibus corporis omnis labore quae voluptatem ad iusto voluptatum neque tenetur ut maiores laborum dicta ipsum saepe atque perspiciatis amet.</p><p>Ut tempore porro asperiores sed consequuntur animi voluptas fugit similique quas minus voluptas quo et vel ipsa quos eveniet impedit iste modi aut ut cupiditate error eos dicta et labore.</p><p>Accusamus atque rerum et vero et labore et sed et cumque animi ullam ratione delectus sint ut facere sed reiciendis eos corporis molestiae sunt et temporibus natus non exercitationem ea fugit minima aliquam rem.</p>	151	6	2021-04-07 22:17:41.404905	2021-04-07 22:17:41.404905
1123	What Business have you?	3	<p>Expedita porro excepturi debitis animi occaecati et voluptas corrupti eos deserunt dolorum ipsa ut voluptatum sed vitae eum voluptatem aut molestiae quasi qui dolor nihil harum ut omnis iusto inventore.</p><p>Labore eum fugiat voluptas et nobis ut et ut culpa nihil enim fuga assumenda a nam commodi consequatur autem architecto cum iste ipsa repellendus perspiciatis omnis provident perferendis.</p><p>Quisquam aut enim adipisci impedit est eaque consequatur alias officia dolorum fugiat libero consequuntur voluptatem aut recusandae aliquam fugit architecto qui nobis autem ut soluta non ullam nihil est qui provident voluptate nesciunt.</p>	151	1	2021-04-07 22:17:41.411313	2021-04-07 22:17:41.411313
1124	Anu'belore Dela'na.	4	<p>Voluptates vel culpa ut eos est necessitatibus perferendis beatae id ut et reiciendis id impedit nemo neque delectus fuga et dolorem excepturi natus ea commodi tempora ad perspiciatis repudiandae et dolorem.</p><p>Qui quisquam iusto delectus ut saepe voluptates ut distinctio ratione quibusdam ullam modi nostrum et est est velit ex dolore at nobis doloribus ea molestiae consequatur fugiat pariatur id.</p><p>Iste atque est aliquid in quia consequatur est nemo fugiat quo accusamus adipisci exercitationem quia aut eum possimus aut architecto ducimus veniam omnis et.</p>	151	1	2021-04-07 22:17:41.414531	2021-04-07 22:17:41.414531
1125	An'u belore delen'na.	1	<p>Velit ut voluptatem et est mollitia suscipit non consequuntur vero perferendis asperiores vel et ab voluptatem velit veniam laboriosam molestiae fuga enim ipsa maxime optio debitis repellendus magni omnis.</p><p>Quo neque nobis earum est fuga voluptas in quibusdam optio consequuntur non expedita voluptatem libero sint esse maiores officiis dolores ut quasi dolor possimus ducimus rem iusto.</p><p>Sint maiores voluptate quisquam ut possimus molestiae autem aut labore voluptatem cumque aliquam nisi consequatur voluptas accusantium aspernatur a provident dolorum aperiam amet et.</p>	151	12	2021-04-07 22:17:41.417833	2021-04-07 22:17:41.417833
1126	Not very intelligent, are you?	3	<p>Inventore nostrum ad ipsum labore molestiae quibusdam possimus sequi cum et velit at omnis vel est odio necessitatibus consectetur rerum unde error maiores quos est sunt veritatis sint vel.</p><p>Atque quisquam nihil aut quo voluptatem sint recusandae quae ut quia voluptas blanditiis et inventore est ut totam amet aut saepe consequatur cumque provident repellat quia aspernatur consequatur architecto itaque quod ad nostrum.</p><p>Voluptate nam est harum in voluptatem nihil inventore voluptas eos enim ratione dolor quisquam autem ab in totam enim fugiat dolores dolore nostrum quod eligendi et molestiae non.</p>	151	10	2021-04-07 22:17:41.421159	2021-04-07 22:17:41.421159
1127	Our enemies will fall!	3	<p>Quam itaque fugit quisquam dolor consectetur aspernatur eum adipisci rem quia repellendus architecto aut error repudiandae tempora rerum qui incidunt fuga earum reiciendis quas ut suscipit sint saepe.</p><p>Quasi autem facilis dolor nisi quo qui molestiae et consequuntur inventore voluptate aspernatur repudiandae laudantium officia pariatur possimus rerum animi aut a blanditiis quae ut qui incidunt ex eligendi unde est.</p><p>Sunt officiis perferendis asperiores amet vitae quis enim omnis nobis odit rerum autem sit veritatis est libero iusto sint labore rerum et vel eius sit eaque ipsum provident voluptas architecto.</p>	151	6	2021-04-07 22:17:41.424497	2021-04-07 22:17:41.424497
1128	Not very intelligent, are you?	3	<p>Quia voluptas et veniam placeat doloremque enim amet enim nostrum quasi laudantium ratione ut et fugiat velit vero incidunt reiciendis rerum est quia voluptatem.</p><p>Nesciunt ut quas et ipsum praesentium beatae non mollitia dolor at repudiandae ut nobis asperiores vel ex in cumque blanditiis eligendi nisi pariatur rem provident sed.</p><p>Adipisci eum rerum aut ea error non iure iusto eaque neque esse dolores est repellendus aut occaecati quos voluptatum laudantium eligendi ea porro facere corporis eos ut ut rem amet impedit cum dicta.</p>	151	11	2021-04-07 22:17:41.427531	2021-04-07 22:17:41.427531
1129	Stay the course	4	<p>Eum rem ipsam dolorum dignissimos consequatur aperiam dolor quos aut temporibus enim ipsa minus sunt molestias aspernatur rerum rerum eum eveniet alias voluptas libero itaque voluptatem.</p><p>Sint repellat sequi dolorum facilis esse nesciunt odit illum rerum iusto rerum aut alias tempora doloremque aut molestiae itaque fugit qui magnam est et consequatur cupiditate expedita neque temporibus soluta consequatur.</p><p>Molestiae sunt quisquam et et quo enim quia vero velit incidunt perferendis cupiditate sapiente autem atque excepturi placeat expedita aut tenetur similique architecto accusantium soluta dolores quia explicabo asperiores nihil beatae.</p>	151	3	2021-04-07 22:17:41.430229	2021-04-07 22:17:41.430229
1130	Glory to the Sin'dorei.	4	<p>Unde porro enim pariatur rerum accusamus sapiente aliquam ut ea a eius ex eos totam omnis ab vel magnam aut optio omnis incidunt quibusdam et voluptatem at velit.</p><p>Veniam corporis est asperiores quisquam eligendi provident et molestiae numquam sit similique eum aperiam nemo reiciendis nesciunt temporibus nostrum dolorum necessitatibus unde labore ex aut doloribus tempore quibusdam tenetur cupiditate nihil cum atque.</p><p>Modi vel eos voluptatibus quo at perferendis et voluptate ipsa sed labore optio natus recusandae quia rerum iusto quia quos quia molestias voluptas repellat vitae nemo quod facilis non quam dolores incidunt ipsum omnis accusamus possimus.</p>	151	8	2021-04-07 22:17:41.432921	2021-04-07 22:17:41.432921
1131	We will have justice!	4	<p>Voluptatibus dolores et id adipisci vel quia libero facilis illum officia totam nam culpa qui deleniti omnis occaecati commodi repudiandae inventore quidem et quasi consequatur dolore quo earum.</p><p>Suscipit rerum necessitatibus aut error quo unde explicabo eaque a omnis sunt aspernatur libero rerum in et qui sed qui repellat vel quas vero dolorum omnis neque amet sed minima iste occaecati et qui.</p><p>Accusamus maxime in ut voluptate cum deserunt molestiae in asperiores assumenda ullam laboriosam aliquam non rerum quia eum consequatur excepturi voluptatibus et aperiam enim repellat impedit illum ipsum quis natus qui numquam et.</p>	152	3	2021-04-07 22:17:41.633546	2021-04-07 22:17:41.633546
1132	Do not loiter.	3	<p>Est et non autem aspernatur repellendus fugit ipsam reprehenderit odit veniam quia a odio quod nemo illo eius rerum impedit possimus adipisci voluptatem quisquam debitis sint.</p><p>Inventore sequi sint eaque sit aliquam laudantium deserunt ut quibusdam est porro vitae assumenda error fugit sed qui autem a rem aut delectus eos molestias eos repellendus et voluptatem nobis aspernatur qui magni ullam neque odio.</p><p>Aut praesentium eligendi pariatur vitae ipsa assumenda recusandae error impedit officia provident et eveniet non quos quia nemo aut porro aperiam voluptate consectetur enim sit suscipit quia eos ab nam non iusto id quas.</p>	152	9	2021-04-07 22:17:41.636607	2021-04-07 22:17:41.636607
1133	Everything has a price.	5	<p>Aspernatur nisi sunt voluptas quisquam ab quidem doloribus iusto enim voluptas et eum expedita dolorem ut in aliquam optio voluptate officia ea qui ipsam illum blanditiis aut id similique illo nemo in.</p><p>Sit provident dolorem rem aut voluptatem non excepturi voluptate corporis officia perferendis sit quis qui quisquam ullam nisi aperiam aut hic sed et sint pariatur qui repudiandae et doloremque maxime ad placeat fugit.</p><p>Labore ad sit et aut doloremque quis tenetur impedit quia voluptas minima laboriosam magni voluptatem rerum aperiam eos voluptas officia ut at dolor optio molestias non rerum deserunt voluptates eius repellendus adipisci dolore voluptatem quia illum ea.</p>	152	1	2021-04-07 22:17:41.639626	2021-04-07 22:17:41.639626
1134	Do not loiter.	2	<p>Aperiam aspernatur ut eum sequi aut quo unde sed quasi illum nulla atque eos velit quibusdam placeat enim perspiciatis pariatur qui molestiae ullam labore excepturi doloribus quia asperiores minus tempora ratione nostrum non libero fugiat.</p><p>Modi consequuntur mollitia sit asperiores qui dolores iusto nulla beatae molestias magni nam distinctio perspiciatis possimus praesentium consequatur impedit eaque tempora laboriosam aut amet est ea doloremque commodi suscipit reprehenderit veritatis illo occaecati dignissimos explicabo non id.</p><p>Nesciunt consequatur unde hic nemo fugit voluptatum quasi nostrum ea aliquam aut commodi eveniet est reiciendis neque molestias qui officiis quia exercitationem nulla architecto omnis ratione aut.</p>	152	9	2021-04-07 22:17:41.642928	2021-04-07 22:17:41.642928
1135	Your gold is welcome here.	1	<p>Quaerat ea nostrum quas aliquam vel eum vero culpa in esse animi labore rerum quia nobis accusamus iusto qui quisquam dicta ullam cum omnis quae et temporibus delectus.</p><p>Delectus quia laudantium nobis qui cumque totam rerum voluptas est iusto explicabo necessitatibus rem nemo incidunt amet ipsam at ea excepturi quia sint eos numquam aut aliquam ducimus sint sunt maiores aperiam accusantium.</p><p>Sed cumque sed debitis fugit eius eos aut consequatur voluptates a ratione tempora voluptas doloremque quidem aut consectetur quae laboriosam similique laudantium molestiae dolorem repellendus perferendis ut.</p>	152	4	2021-04-07 22:17:41.646405	2021-04-07 22:17:41.646405
1136	Keep your wits about you.	2	<p>Adipisci sequi saepe et ad excepturi consectetur quisquam eum odit architecto accusamus magni ut modi maiores labore aut laudantium dicta similique et sit fuga deleniti incidunt maxime molestiae velit exercitationem voluptas corrupti.</p><p>Quas aliquam molestiae nesciunt facere laborum sit velit enim est nobis dolor repudiandae sed modi cum architecto omnis saepe eos expedita nemo amet possimus eaque enim repellendus odit.</p><p>Accusamus est omnis et voluptas rem dolorem eaque vel non maxime est quam et assumenda suscipit repellat natus harum laudantium ullam at esse aspernatur et beatae velit consectetur officiis voluptatem.</p>	152	7	2021-04-07 22:17:41.650129	2021-04-07 22:17:41.650129
1137	Run away pest!	1	<p>Eum eligendi occaecati voluptatem aliquid aut ut sint ullam voluptas laboriosam consequatur incidunt accusantium nam qui autem blanditiis commodi voluptatem eaque molestias provident magnam.</p><p>Sapiente harum labore ut provident error est expedita voluptatem ut et dicta occaecati molestiae iste aut quia vel perspiciatis laborum tenetur nihil minima ea iusto recusandae et quae minus veniam nobis deleniti aut.</p><p>Recusandae qui odio adipisci eligendi excepturi ipsum aut perspiciatis et quaerat enim quo nulla qui quia porro nemo est sit quam enim ut laboriosam autem non.</p>	152	6	2021-04-07 22:17:41.653365	2021-04-07 22:17:41.653365
1138	State your business.	1	<p>Hic cum aut reprehenderit vitae animi enim eius veritatis quas quasi corrupti voluptas accusantium suscipit alias ea dolor minus id architecto et facilis autem praesentium dolor earum voluptatum qui facere a.</p><p>Quisquam quidem fuga perferendis placeat ea vel aut dolores sapiente itaque incidunt voluptas esse ipsum maiores ut quis voluptatem dignissimos quaerat eius quia qui est rerum libero ex aut illo molestias vero dolores.</p><p>Temporibus facere omnis nisi quo voluptatum autem ipsum sequi velit eaque sed debitis iste dignissimos voluptas corrupti non quibusdam commodi iure qui aperiam consequatur tempore alias perferendis est quaerat consequatur ratione eos repellat accusantium molestiae.</p>	152	12	2021-04-07 22:17:41.656327	2021-04-07 22:17:41.656327
1139	The reckoning is at hand!	5	<p>Officiis dolorem numquam et est sed error illo architecto iure nihil quo nam corrupti sequi vel qui quos sint rem sit cumque assumenda quis repellat reprehenderit repudiandae iusto rerum quae natus dolores tempora quidem ut.</p><p>Nostrum consequatur qui distinctio ea sunt ex excepturi laudantium quasi ut amet voluptas blanditiis pariatur ipsam exercitationem dolor quis dicta quam nam sit ullam quaerat enim corporis occaecati eos consectetur quae et sed qui qui neque quia.</p><p>Sed est dolorem mollitia ratione molestiae quisquam hic neque omnis perspiciatis sunt provident est quidem voluptatem nulla laudantium architecto rerum modi quo ut quaerat commodi iusto quia consequatur totam blanditiis id nostrum sint quae.</p>	152	5	2021-04-07 22:17:41.659234	2021-04-07 22:17:41.659234
1140	The reckoning is at hand!	4	<p>Sunt qui voluptas harum libero quibusdam et a optio est quis accusantium voluptatem voluptatem et facilis laborum consequuntur itaque similique fuga unde dolore doloremque quaerat molestiae officiis consectetur modi quod porro quia et.</p><p>Amet eos et culpa nesciunt inventore quasi quos doloribus vel et enim officia aperiam sapiente dolores quam vero adipisci hic consequatur aut magnam enim illum quaerat incidunt minus eveniet soluta aut commodi rerum fugit et dolorem quo.</p><p>In molestiae voluptas sed corporis quam et itaque ut exercitationem ipsum provident dolorem quia numquam reprehenderit libero nulla explicabo quasi quia aut vero harum dolor enim aliquid maiores qui rerum repellendus.</p>	153	6	2021-04-07 22:17:41.864936	2021-04-07 22:17:41.864936
1141	State your business.	5	<p>Necessitatibus pariatur voluptatibus quia cumque amet aut est velit ut rerum beatae omnis sit laudantium voluptate possimus est ut quia aperiam omnis et ullam dolorum maiores hic praesentium id non molestiae natus numquam tempore.</p><p>Et esse sit a autem voluptatem tempora optio quibusdam aut sint rem sapiente sit nostrum doloribus accusantium dolor iste molestias odio omnis quia enim consectetur veniam facilis error est at dolore dolorem aut blanditiis.</p><p>Voluptatem dolorem et doloremque et a est iusto id quibusdam nihil numquam delectus sed ut necessitatibus ratione quia enim quod autem qui ut quidem rerum autem quam ea dolore doloribus incidunt suscipit ducimus dolorum.</p>	153	12	2021-04-07 22:17:41.868822	2021-04-07 22:17:41.868822
1142	Choose wisely.	2	<p>Dolorem ipsa quia quae repellat odio velit repudiandae optio nesciunt esse veritatis ad ut molestiae repellendus sunt iste accusantium deleniti qui maxime doloribus et doloremque ullam sunt qui eum unde.</p><p>Eos et aliquid rerum eum ratione corporis labore consectetur rem vitae voluptas asperiores eos doloribus provident deleniti non omnis ut ea soluta sed beatae blanditiis laboriosam.</p><p>Sint animi et ut quasi eaque atque et officiis voluptas corrupti ad officia optio possimus voluptatem magni eveniet ullam ipsa dolor quod vel id non vitae ipsum adipisci incidunt et.</p>	153	6	2021-04-07 22:17:41.872632	2021-04-07 22:17:41.872632
1143	Ah, you have a death wish.	1	<p>Ea alias pariatur nihil laboriosam ut iste tenetur mollitia perspiciatis accusantium non corporis amet ducimus deserunt aspernatur adipisci quidem natus ad et temporibus ipsa facere voluptas labore debitis aliquid sunt enim tempore et aut necessitatibus vel ipsum.</p><p>Voluptate aut inventore qui pariatur ducimus beatae quas ipsa et totam voluptatem ut qui commodi numquam soluta deleniti facilis autem sapiente saepe voluptatem reprehenderit nemo quia est assumenda culpa dicta recusandae hic iure fugit animi quo.</p><p>Aspernatur blanditiis autem inventore quibusdam facere error et eius facilis sint qui debitis dolorem magnam rerum odio illum odit sequi dolore qui repellendus qui dolor sunt.</p>	153	7	2021-04-07 22:17:41.876055	2021-04-07 22:17:41.876055
1144	These are dark times indeed.	4	<p>Praesentium occaecati incidunt unde qui repellat itaque quisquam consequatur ut at quis quidem fugiat consequatur totam cum maxime id quis eligendi pariatur aut dolores aut.</p><p>Unde aliquam dolor quaerat sit aut veritatis illo doloribus quis nam ut impedit id facilis a libero eum et autem nulla explicabo sequi occaecati non.</p><p>Occaecati ea et sequi magnam dolor deserunt ducimus praesentium ullam quos qui excepturi eum sit id quas nemo optio iste et et hic ut id exercitationem consequatur maxime a est recusandae velit quis.</p>	153	4	2021-04-07 22:17:41.879515	2021-04-07 22:17:41.879515
1145	Our enemies will fall!	5	<p>Quae debitis quia cumque sit in voluptate architecto voluptatem dolor est molestiae minima libero voluptatem aperiam quidem consequuntur et blanditiis vero laborum quod aut autem maiores et est ipsa eos nostrum sed qui nobis alias.</p><p>Sunt possimus ipsum est officia omnis quia reprehenderit et illum et incidunt ut blanditiis beatae eligendi dolor dolor quae autem qui nemo iure aut pariatur suscipit.</p><p>Eius soluta error et vel magni enim quia enim expedita placeat maiores voluptas saepe laboriosam magnam iste ea voluptatibus sint molestiae et et sed sed rem inventore dignissimos minima exercitationem sapiente voluptatem itaque atque autem.</p>	153	3	2021-04-07 22:17:41.8838	2021-04-07 22:17:41.8838
1146	Everything has a price.	3	<p>Adipisci quia saepe occaecati sunt exercitationem animi quibusdam tempora ea numquam possimus facere at voluptatem nesciunt labore soluta dolorem qui enim qui delectus voluptates esse.</p><p>Laboriosam aut dicta esse blanditiis omnis qui placeat est voluptatibus ea et nisi eius aut dolor voluptas nulla vero explicabo officiis fugiat perspiciatis quae voluptates molestias iure sit.</p><p>Sunt aut sit unde et expedita dolor nostrum asperiores et est molestiae quis autem vel eos at dolores cum quod magni alias ut minima sapiente rem accusamus eveniet doloribus veniam dolorum.</p>	153	1	2021-04-07 22:17:41.887765	2021-04-07 22:17:41.887765
1147	Hold your head high.	1	<p>Numquam officia illum quisquam dolorem aut occaecati dolor aut est at sapiente alias cumque et et repellendus inventore asperiores similique quae quaerat odio nobis maxime veniam neque ab est id optio corrupti sit.</p><p>Cumque modi aliquam voluptatem eum sint consequatur enim aliquid et ea placeat ex voluptatem vel hic nisi et omnis dolor eligendi maxime laboriosam error cupiditate commodi odio exercitationem assumenda.</p><p>Et et voluptates sunt ut et at minus est magnam mollitia quis eum animi facere est ea rerum vel et architecto velit labore est sit unde cupiditate corrupti repellat optio reiciendis sapiente.</p>	154	9	2021-04-07 22:17:42.113573	2021-04-07 22:17:42.113573
1148	You waste my time.	1	<p>Ipsum sint et aut maxime veniam quia expedita nobis a minima non et unde voluptatem dolorem deserunt eaque adipisci ut voluptas inventore totam odit et.</p><p>Praesentium et aperiam qui tenetur ut animi corrupti rerum eum minus quidem quia molestias id et dolorem culpa et qui ut rem voluptatem exercitationem repellendus vero sed provident aut autem at.</p><p>Ut sequi sint eum omnis ipsa labore quia laudantium voluptatum vitae porro rerum et minima maiores earum soluta ea autem ipsam aspernatur praesentium quod enim.</p>	154	7	2021-04-07 22:17:42.117836	2021-04-07 22:17:42.117836
1149	Glory to the Sin'dorei.	3	<p>Sit corporis voluptatibus quod aut tempore possimus veniam mollitia aut omnis ut itaque aliquam et cum quasi rerum animi laborum sit reprehenderit magni odio nulla et voluptas accusantium eligendi ipsum numquam temporibus minus architecto non.</p><p>Doloremque ut illo nam delectus maxime eum laboriosam enim dolor qui optio ut doloribus corrupti perspiciatis dolor quis fugiat dolorum sapiente aut aut eveniet officia fugit qui sed quidem cupiditate omnis eius reprehenderit velit.</p><p>Incidunt hic dicta quo praesentium ex et corporis nulla atque nihil similique consectetur neque nemo magni natus saepe ut ea vel quam officia magnam libero et nisi soluta.</p>	154	14	2021-04-07 22:17:42.121251	2021-04-07 22:17:42.121251
1150	The Eternal Sun guides us.	4	<p>Quam cupiditate modi quia fugiat adipisci et nam laborum consequatur enim eos explicabo atque aliquam itaque rerum ducimus velit eum similique delectus cum quis debitis iste aspernatur perspiciatis ut sit tempora quas dolores voluptate quod.</p><p>Excepturi tenetur quia eveniet id praesentium sequi ad qui consectetur eum itaque et iure quod velit est delectus enim cupiditate modi aliquid omnis doloribus pariatur quo eos est illum ut quidem ratione.</p><p>Iusto et consequuntur soluta corporis iure ut et rerum est nemo debitis occaecati provident delectus libero aut eaque doloribus laborum odit quaerat perspiciatis nihil fugit cum dolor velit enim et hic quia expedita.</p>	154	7	2021-04-07 22:17:42.124272	2021-04-07 22:17:42.124272
1151	Everything has a price.	5	<p>Numquam adipisci est expedita consequatur dolores natus qui repellendus molestiae quas ipsam quaerat doloribus illum dolores suscipit dolor quia deserunt rerum non magnam et.</p><p>Quisquam aut vitae est fugit error quaerat voluptatem ipsum maxime fugiat corrupti voluptatem repellat sit sapiente velit eos aut blanditiis nesciunt deserunt ut rerum quia in beatae et quae consequatur.</p><p>Quo saepe eos illo et non voluptates explicabo id enim nam non porro quia laborum et molestiae facere ut ut sed qui dolorem vitae consequuntur voluptas sed vel eos mollitia harum et.</p>	154	6	2021-04-07 22:17:42.127164	2021-04-07 22:17:42.127164
1152	Everything has a price.	5	<p>Qui exercitationem omnis debitis temporibus natus porro optio eum cupiditate iure tenetur explicabo molestiae aut minima molestiae ab ea qui sed doloremque recusandae ipsum sed eius et officia.</p><p>Quia illum et eaque officia fugit ut hic quas similique laborum quos doloribus et non sint aliquam blanditiis ipsum nemo iste consectetur et placeat illo voluptatem mollitia inventore eum qui veniam dolores.</p><p>Est natus deserunt voluptas sunt sapiente nisi omnis aperiam vel molestias et incidunt delectus modi ipsam quia ipsa et non quas necessitatibus neque nemo minima temporibus qui et quo quo aliquam.</p>	154	4	2021-04-07 22:17:42.129899	2021-04-07 22:17:42.129899
1153	Do not loiter.	4	<p>Aut nulla aut ad necessitatibus praesentium exercitationem nihil minima eos aut quam hic esse fugit consequatur tempore qui sed qui doloremque suscipit impedit et dicta nostrum qui est ullam.</p><p>Aliquid qui numquam accusamus quia minima quis ut et rerum nesciunt est est natus sequi error eaque consequuntur exercitationem non ex et ut quos quis nostrum.</p><p>Qui blanditiis vero excepturi iure velit fuga odit voluptatem id veniam illo nesciunt maxime consequatur possimus omnis saepe deserunt quibusdam aperiam enim ea porro dolore error dolorem consequuntur.</p>	154	1	2021-04-07 22:17:42.133036	2021-04-07 22:17:42.133036
1154	What business have you?	3	<p>Ut rerum illum quae iste cum fuga accusantium debitis est velit voluptatem quaerat et temporibus adipisci atque aperiam aut corrupti exercitationem eum quia fugiat quam similique voluptas sit sed facere molestiae omnis quisquam.</p><p>Et corrupti ut eligendi nihil dolores quas ea est maxime quaerat officia voluptatibus ratione sed cupiditate sit necessitatibus distinctio asperiores enim debitis est dolore expedita non saepe soluta reiciendis doloribus facilis et suscipit in.</p><p>Culpa est et expedita ratione in omnis atque suscipit rerum dolores praesentium nesciunt cumque sunt velit aut voluptas voluptate sint temporibus non a eum et et ab eos facilis voluptatem hic quas iste earum autem dolor ut.</p>	154	3	2021-04-07 22:17:42.136178	2021-04-07 22:17:42.136178
1155	What business have you?	5	<p>Quia qui impedit totam a fuga alias quos quidem consequatur occaecati eligendi velit voluptas quo architecto eaque aliquid dolore maiores doloribus aspernatur facilis nobis temporibus.</p><p>Eum fugiat ipsam et delectus perspiciatis quisquam voluptate nulla cupiditate dolores omnis est et distinctio molestiae non rerum et excepturi in voluptas aliquam laborum quo saepe quibusdam corrupti veritatis voluptas sit nostrum ut harum.</p><p>Consequatur laudantium harum facere doloremque natus consequuntur animi qui et sit molestiae architecto est sint quae deleniti sunt dolor ea iusto quasi est ipsum sequi aut illum ipsam ex sit odit commodi.</p>	154	3	2021-04-07 22:17:42.139238	2021-04-07 22:17:42.139238
1156	What do you seek?	4	<p>Veniam inventore nemo voluptate quisquam sint cumque id laborum tempora ut voluptatibus a nihil officiis repellat aperiam reiciendis consequatur soluta iure est ipsa qui blanditiis delectus.</p><p>Deserunt numquam veritatis aut blanditiis exercitationem sequi id inventore eos ut optio ullam earum quis ducimus odit hic et unde architecto impedit aliquam adipisci eaque nobis repudiandae pariatur animi enim explicabo aut et similique.</p><p>Vero totam architecto nihil in repellendus necessitatibus illo dolores fuga voluptatem quam aut est aspernatur tempore et amet ea quo sit quas eius vel vitae eum velit.</p>	154	14	2021-04-07 22:17:42.142224	2021-04-07 22:17:42.142224
1157	The Eternal Sun guides us.	1	<p>Minima id aut quisquam et magni est qui laudantium maiores necessitatibus sunt odio nemo qui id est ut aut repudiandae explicabo doloremque nostrum debitis dignissimos.</p><p>Temporibus nihil molestiae ducimus labore eligendi maiores fugit a odio quae aut saepe quas odit iure quasi eum laborum ipsam reiciendis et sint dolores est enim corporis est tempore eum magni sit nulla nam accusamus ullam quia.</p><p>Aliquid odio magni iste dolores corporis quasi qui totam facilis dolor ullam dolores ut necessitatibus consequatur dolore ut incidunt nihil quaerat quis est exercitationem iusto quos.</p>	154	9	2021-04-07 22:17:42.146359	2021-04-07 22:17:42.146359
1158	Do not loiter.	4	<p>Iusto veniam tenetur dolorem molestias qui ipsum eveniet aut dicta nesciunt repellat atque iste voluptates ex in autem sed odit id ut autem dolores magni aspernatur perspiciatis sequi voluptatum corrupti quam eum quas.</p><p>Enim eligendi architecto ipsum impedit a qui necessitatibus aut sed quidem voluptas voluptatem ut fugiat voluptate omnis iste voluptas autem quas sint praesentium aut aut illum asperiores delectus et laborum id repellat minima.</p><p>Nobis enim dolorem ea est necessitatibus quam voluptatem ut incidunt possimus aliquid velit rerum ut non unde voluptatum minima beatae quis eos et enim sint aut non culpa odio ipsam vel voluptatem deleniti dolores dignissimos.</p>	154	8	2021-04-07 22:17:42.14964	2021-04-07 22:17:42.14964
1159	What Business have you?	1	<p>Asperiores laudantium omnis qui fugit commodi modi quia distinctio rem culpa ut deserunt et rerum dolorem non omnis tempore labore sit et voluptatem facere.</p><p>Non et explicabo mollitia officia voluptas ex autem deserunt rerum labore et et quo harum aliquam consequuntur accusamus id maiores placeat nobis eum repellendus sit perspiciatis dignissimos corrupti consequatur.</p><p>Qui quia autem aperiam esse aliquam velit eos voluptatem officiis accusantium voluptatibus numquam ea aut nihil qui commodi et ipsa vero assumenda dolores sed et quas ducimus aut laudantium.</p>	155	13	2021-04-07 22:17:42.35455	2021-04-07 22:17:42.35455
1160	Mind yourself.	5	<p>Omnis voluptas aspernatur eius quos iure asperiores reprehenderit est officia blanditiis necessitatibus qui eligendi at laborum dolore eveniet aut doloribus qui aut consequatur labore debitis temporibus minima nihil vitae et rem sit ducimus cumque aut.</p><p>Temporibus fugiat eveniet tempore repellendus sapiente voluptas autem sed natus consequatur eaque possimus numquam repudiandae sunt dolorem veniam maiores et libero molestias delectus aut odit aut sunt et doloribus ut illum omnis.</p><p>Quisquam impedit aspernatur cum dolores eos voluptatem nisi maxime consequatur veniam minima fugiat et dolor enim quia labore pariatur et ullam sint sed natus.</p>	155	2	2021-04-07 22:17:42.357665	2021-04-07 22:17:42.357665
1161	Victory lies ahead!	4	<p>Officiis et reprehenderit similique dolorem omnis explicabo magni voluptatum totam aut vitae quidem laboriosam in ab at velit iure consequatur qui aliquam aspernatur vero quo deserunt et voluptatem dicta.</p><p>Velit est dolore id sunt consectetur praesentium qui sit reprehenderit tempore tempora sit rerum accusamus optio odit qui voluptas consequatur autem libero aut molestiae animi nemo molestias fugiat maiores et tenetur iste.</p><p>Accusamus praesentium architecto et illo et quaerat consequatur aut voluptatem rerum autem eos possimus corporis molestiae sunt asperiores commodi expedita aut cumque iusto non maiores.</p>	155	10	2021-04-07 22:17:42.361086	2021-04-07 22:17:42.361086
1162	What do you seek?	2	<p>Dolorum sit neque deleniti voluptatibus dolores et voluptatem odit inventore eum quae ab delectus quibusdam quisquam nesciunt voluptate facere est aliquid molestias dolore consequatur aut minus et quaerat ex ea modi voluptates.</p><p>Aut fugiat mollitia sapiente eos doloribus nemo qui expedita dolorem enim sunt suscipit accusantium nam quidem rem molestias repellendus sint eligendi non alias placeat error cum itaque ut nisi neque fuga saepe amet id.</p><p>Molestias cum laboriosam eius explicabo autem nobis eos sed est ea deleniti repudiandae non voluptas facere nihil quod repellendus occaecati sed sit vel est fuga.</p>	155	9	2021-04-07 22:17:42.364341	2021-04-07 22:17:42.364341
1163	I had little patience to begin with.	5	<p>Cupiditate accusantium quas ut reprehenderit aut nam hic sed autem nihil ea nisi qui aperiam voluptatem dolorem quo tempore quia enim dolores velit aliquam quae eius culpa.</p><p>Corrupti et omnis libero quia eos corporis nihil cumque sunt enim delectus consequatur id praesentium possimus minima sunt aut eum perferendis consequatur ab ut veritatis veniam deserunt explicabo error.</p><p>Unde nam delectus hic minima ullam earum accusamus vero nobis dolores praesentium provident aut vel veniam alias eum modi nemo rerum sit consequatur nihil eius vitae et exercitationem illum adipisci eos quibusdam reprehenderit sed.</p>	155	6	2021-04-07 22:17:42.367449	2021-04-07 22:17:42.367449
1164	Victory lies ahead!	5	<p>Quas atque quae placeat tenetur illo nihil nisi deleniti facere aliquam quasi id tempora in aut qui laudantium aut enim error eos recusandae quos voluptatum nihil omnis voluptates ex soluta.</p><p>Vel nihil nostrum molestiae dolores praesentium quo quia mollitia debitis voluptas voluptatem ipsum placeat sit dignissimos omnis nihil magni suscipit voluptatem libero veniam dolor.</p><p>Illum facere doloribus laboriosam aut labore vitae et ab dolorum ut saepe ut a necessitatibus est dolor animi provident modi ea minima mollitia nihil velit consequatur iste rerum dolore cumque commodi molestiae.</p>	155	8	2021-04-07 22:17:42.370335	2021-04-07 22:17:42.370335
1165	Why do you linger?	4	<p>Repellendus libero soluta corporis quas culpa excepturi sed labore veniam aut minus perferendis consectetur praesentium explicabo sunt qui eligendi mollitia non aspernatur natus recusandae omnis animi quos autem et.</p><p>Odit exercitationem blanditiis architecto perferendis in dolores asperiores esse facilis quia deleniti ullam quia tempore sapiente officiis iusto quis est aut vel doloribus atque rerum veniam omnis minus.</p><p>Est non illum excepturi quae culpa animi earum nihil voluptate quos molestiae qui quo voluptatum dolore ut qui tempore est velit mollitia nostrum qui in numquam adipisci.</p>	155	12	2021-04-07 22:17:42.373973	2021-04-07 22:17:42.373973
1166	I do not suffer fools easily.	3	<p>Et blanditiis soluta labore ut iure cumque repellat incidunt aspernatur quo vel cum illum voluptatem est maiores tempora temporibus ad ea perferendis enim dolores eaque doloremque non rerum qui aliquid nesciunt atque est provident illo voluptates.</p><p>Porro saepe accusamus praesentium consectetur laudantium laboriosam minus quo maxime reiciendis temporibus illo quis placeat ea sint id sint maiores repellat animi est tenetur harum non enim esse vitae rem quia fugit.</p><p>Ut ea reiciendis dolore error dolor id asperiores dolorem corporis est voluptatem doloremque alias nulla velit in et fugiat vel eum necessitatibus eos voluptas animi consequatur rem assumenda ad sed repellat non molestias quibusdam inventore consequuntur natus.</p>	155	8	2021-04-07 22:17:42.377989	2021-04-07 22:17:42.377989
1167	You waste my time.	1	<p>Magni id quasi vitae nobis excepturi praesentium quae dolorem est cum est fugit ea incidunt ipsam et eos quod deleniti ad veritatis numquam possimus.</p><p>Quia aut nulla expedita vel dolor rerum voluptatem et neque ducimus hic sit iure aut ut tenetur iste assumenda omnis modi provident qui aperiam aliquam nemo ut inventore libero alias ut mollitia.</p><p>Sint commodi iste harum ut minima tenetur inventore et dolor sed enim repellat et voluptatibus atque distinctio optio aut voluptates autem veniam necessitatibus aut officiis repudiandae eos vero qui amet non velit eum enim consequatur.</p>	155	1	2021-04-07 22:17:42.381622	2021-04-07 22:17:42.381622
1168	What do you seek?	5	<p>Vitae animi voluptatem voluptatum et et reprehenderit aliquid magnam velit tenetur dolores nulla deserunt in dolore qui voluptatem distinctio alias cum vel odit omnis sunt quaerat temporibus et officia voluptas et odio voluptatem est laudantium.</p><p>Delectus minus nesciunt at occaecati incidunt sequi voluptas quas rem nihil autem qui optio dignissimos dolor quis sit velit magnam sint sed animi numquam veritatis velit necessitatibus vitae voluptatem ipsum itaque vel neque molestiae vero.</p><p>Nulla officia perspiciatis excepturi et reprehenderit aut blanditiis et quae pariatur neque suscipit et explicabo et dolores dolorum necessitatibus eos eum assumenda quos incidunt consequuntur iusto a deleniti distinctio nemo qui commodi asperiores dicta non harum.</p>	155	2	2021-04-07 22:17:42.384455	2021-04-07 22:17:42.384455
1169	I had little patience to begin with!	4	<p>Autem maiores illo ex quia sequi deleniti et in ut non unde laboriosam cum quia rerum et omnis molestiae eum ut ut omnis temporibus sed fugit labore ipsa quod officiis sit.</p><p>Harum mollitia dolorem distinctio ex maiores qui accusantium pariatur autem exercitationem tempore omnis voluptatem culpa esse dolor officia vero nemo animi possimus et eum qui quaerat eos.</p><p>Ad eos voluptate temporibus aliquid voluptas neque eius cum illo in nihil praesentium modi sed odio rerum dolor ea rerum inventore reprehenderit corrupti dolorum vero fuga.</p>	155	5	2021-04-07 22:17:42.387022	2021-04-07 22:17:42.387022
1170	Our enemies will fall!	3	<p>Quis porro provident tempora iure id dolorum et et voluptatem aut dicta aut rerum adipisci ea veritatis atque molestiae enim excepturi qui impedit facilis est cum rerum a.</p><p>Expedita quas et sit ipsam in dolor et excepturi quis voluptatem maxime inventore quidem vel quae aut ullam totam quod eius doloremque eligendi asperiores.</p><p>Ipsum et sequi dicta eos ex nulla sit autem vel amet deleniti quia placeat quod qui molestiae dolorum quia architecto dolore et voluptas beatae non.</p>	155	13	2021-04-07 22:17:42.389879	2021-04-07 22:17:42.389879
1171	Do not loiter.	4	<p>Tenetur culpa deserunt deleniti libero nobis quisquam quis et suscipit consectetur qui tempora iure labore veritatis aut incidunt modi molestiae eum inventore non et pariatur dolorum repudiandae fuga hic odio velit et eius perspiciatis itaque.</p><p>Sit molestiae provident est est ea possimus exercitationem quia eos vitae odit culpa et assumenda et in voluptatibus eum nam et et distinctio nobis sed et et eaque ipsa molestiae consectetur.</p><p>Minus deserunt voluptatem vel cupiditate repellendus sed ut non dolor quia placeat porro at quis et animi ea atque sint aliquam in quidem rerum dignissimos suscipit unde autem libero aut rerum eveniet dolorem dolor culpa veniam et.</p>	155	11	2021-04-07 22:17:42.392761	2021-04-07 22:17:42.392761
1172	Victory lies ahead.	3	<p>Sunt omnis corporis beatae accusantium ex ut et laudantium voluptatem iure eaque illo qui est aspernatur voluptatem molestiae aperiam eos quidem vero quo ea molestiae nulla vel alias neque et laboriosam iusto quasi nihil.</p><p>Occaecati a fugit eos cum quia minima aliquam quia praesentium eos reiciendis vitae molestiae voluptas et amet corporis voluptatem in natus aut ullam id sint quo sunt omnis neque debitis non dolor sint fuga sit quia quis.</p><p>Eum porro praesentium quasi aut adipisci cumque et commodi autem ea beatae doloribus architecto libero qui quia voluptas et id voluptatem quia nam in magni dolore at.</p>	155	13	2021-04-07 22:17:42.395644	2021-04-07 22:17:42.395644
1173	State your business.	3	<p>Quia similique a odit enim ipsam et nobis impedit itaque fugit numquam reprehenderit vel autem sunt accusantium alias dolores velit debitis sed eaque amet aut quis sint in libero veritatis et soluta error doloremque ab nisi ratione.</p><p>Qui et animi rerum minus consequuntur ut rerum culpa autem suscipit recusandae qui dolorem sunt reprehenderit sint impedit assumenda earum molestias ut in nam enim dignissimos quidem at quis perspiciatis et nisi aut fugiat quia non saepe.</p><p>Et quis unde non itaque quo quidem quia porro est consequatur et doloribus eveniet vel magni velit earum eum atque aut rerum debitis nam nobis hic iste quo sit maxime omnis alias quisquam qui quod aliquam expedita.</p>	156	10	2021-04-07 22:17:42.59819	2021-04-07 22:17:42.59819
1174	I had little patience to begin with.	4	<p>Consequatur qui accusamus doloribus ea itaque velit blanditiis qui rerum in ad nemo voluptas asperiores sit est et incidunt pariatur hic placeat magnam autem nostrum totam aliquid minus sunt veritatis amet eligendi libero voluptatem voluptatem dolor.</p><p>Harum quo omnis iste deserunt temporibus hic dolor quam consequatur dolore quia porro eum vitae deleniti facilis in adipisci quas molestias consequatur rerum sint aliquam ut laborum tenetur doloremque nam quia et fugit iure nostrum totam earum.</p><p>Sed molestiae deserunt et ea saepe et nihil culpa nulla earum eum vel aut quisquam dolores optio delectus provident ratione ut quis magnam nesciunt deleniti ea voluptatem qui expedita veritatis.</p>	156	7	2021-04-07 22:17:42.601207	2021-04-07 22:17:42.601207
1175	I do not suffer fools easily.	4	<p>Minima occaecati dolorem praesentium voluptatem temporibus laudantium cupiditate facilis aliquam rerum qui rem amet quia nostrum enim totam ut culpa sit placeat et iste atque assumenda pariatur repellat.</p><p>Quia alias eaque minima aliquam rem est praesentium sed et corrupti et beatae quam nobis molestiae voluptatum occaecati ut sapiente pariatur quia fugiat ex quisquam porro voluptas voluptas ratione ab totam.</p><p>Nesciunt ex quo ut sunt facilis eum mollitia odio autem error non repellendus ullam veritatis vel ad ratione voluptates voluptas quae dicta necessitatibus ducimus possimus quis deleniti et ut quis.</p>	156	10	2021-04-07 22:17:42.604233	2021-04-07 22:17:42.604233
1176	Anaria'shoala.	5	<p>Labore et temporibus dolor similique commodi dolores voluptatum hic dolor est et quaerat iste vitae totam exercitationem adipisci dolorum quia quisquam aperiam quod dolore illum et sequi nisi aut ea quos omnis quo ab nam ipsum nesciunt.</p><p>Quae ea est accusamus corrupti consequatur molestias et maxime quis iste rerum libero nobis doloribus nostrum quo et temporibus hic non et ullam nisi est eum impedit similique sit qui delectus.</p><p>Commodi aliquid quia voluptatem asperiores tempore reiciendis recusandae occaecati voluptas consequatur vero libero quidem nulla ex illo voluptatem ipsa est et culpa magni et tempora rem qui dolorum aut illum.</p>	156	13	2021-04-07 22:17:42.608188	2021-04-07 22:17:42.608188
1177	The dark times will pass.	3	<p>Necessitatibus facilis sequi quasi animi consequatur cumque ipsa eos voluptate quos consectetur a asperiores laudantium molestiae sit maiores dolor quam earum ut aut voluptatem provident ut maxime eaque facere aut dolorem.</p><p>Beatae aut accusantium voluptatum nostrum quia possimus temporibus quo iure fugit eaque nulla blanditiis eligendi voluptas vitae quia laudantium adipisci animi non perferendis repudiandae voluptatibus optio quis ut est odit deserunt reiciendis voluptatem dolorum.</p><p>Ipsam omnis ut nam repellat optio est ipsa dolor ea doloribus officia qui exercitationem veritatis doloremque eos et quos earum aut quae et esse et eligendi molestias eum quia placeat odit dolor non quaerat quas.</p>	156	3	2021-04-07 22:17:42.611253	2021-04-07 22:17:42.611253
1178	I do not suffer fools easily.	4	<p>Molestiae eius ut dignissimos iste culpa eos commodi voluptatem rem debitis ducimus dolorum laboriosam consequatur beatae corrupti aut aliquam quia voluptatem doloremque ut vero deserunt omnis distinctio nobis molestiae eum fuga unde possimus tempora saepe officiis.</p><p>Voluptatem et mollitia magnam deleniti et deserunt soluta hic eligendi illo quibusdam incidunt aut ex et neque molestiae modi voluptatem est et possimus voluptatum qui porro.</p><p>Est sed eaque totam minima perspiciatis ut sed amet inventore harum similique vitae assumenda doloribus molestiae aut et ea minus sit non quam fuga dolores ducimus ut at voluptatem quos fugiat ab dolores dolorem.</p>	156	14	2021-04-07 22:17:42.614206	2021-04-07 22:17:42.614206
1179	Death to all who oppose us!	2	<p>Eum itaque voluptas omnis autem aperiam alias veritatis dolore tempore aut aspernatur voluptatibus dicta vel voluptas ut quia similique molestiae qui iure iste enim eligendi occaecati eos nostrum excepturi aut reiciendis quia facilis nisi optio sequi.</p><p>Voluptatem nemo accusantium in deserunt ut architecto facilis error iusto accusamus ullam et est nisi quibusdam sapiente qui explicabo vitae voluptas recusandae veniam aut magnam voluptas minus ut rerum sint illo harum libero optio animi.</p><p>Minima molestias temporibus voluptatem incidunt excepturi nostrum tempore repellendus iste magni voluptatum aut tenetur aut ab et sed vero quas dolorum mollitia fugit animi aut corrupti.</p>	156	9	2021-04-07 22:17:42.617371	2021-04-07 22:17:42.617371
1181	Anu'belore Dela'na.	2	<p>Consequatur maiores at quo commodi dicta et molestias quis laborum modi sed ut temporibus dolorem et rerum quidem nisi qui est illo aut dolor et ipsum perferendis.</p><p>Quisquam repudiandae suscipit ea ut qui aperiam iste optio rem numquam et molestiae voluptas minima debitis aut dolor amet facilis autem inventore quaerat laudantium sapiente sed.</p><p>Omnis saepe voluptate sed excepturi vel ut fugiat necessitatibus voluptatem sed qui ea veniam rem cupiditate ea voluptatem aut nisi sapiente quia quam nostrum autem et et temporibus alias occaecati voluptatibus aut provident blanditiis.</p>	156	6	2021-04-07 22:17:42.623415	2021-04-07 22:17:42.623415
1182	You waste my time.	4	<p>A aut dolor quibusdam modi qui laboriosam beatae architecto voluptas saepe qui totam in eum enim amet porro hic pariatur omnis voluptate maxime aut doloremque iste dignissimos repellendus culpa ullam qui sit magnam recusandae tenetur.</p><p>Doloremque iure molestiae quasi ullam est ut modi soluta non dolorem dolores reiciendis eveniet omnis omnis vero et necessitatibus labore ipsam distinctio maiores eligendi enim nobis sunt est sint aliquam illo illum sed et blanditiis quisquam.</p><p>Magni nobis consequatur repudiandae sunt vero perspiciatis expedita voluptatibus quia id sequi id dolores vel tempora ea nisi voluptate laboriosam est dolore qui repellat vel voluptas ut sapiente aspernatur maxime dolor aut molestiae quibusdam possimus.</p>	156	7	2021-04-07 22:17:42.626446	2021-04-07 22:17:42.626446
1183	Run away pest!	2	<p>In aut alias ea eum voluptate occaecati id sit et vero quis molestias non excepturi nisi libero fuga deserunt voluptatem minus harum quod tenetur nesciunt temporibus dolore suscipit magnam corrupti aperiam est sed.</p><p>Illum modi ut provident ea placeat consequatur repellendus cumque praesentium similique odio illo error nihil et est inventore nulla aut maiores delectus fugit neque distinctio sapiente dolor magnam aliquid ab est sequi officiis laborum doloremque corrupti quibusdam.</p><p>Porro non voluptatem doloremque distinctio culpa nobis et suscipit incidunt dolorem illum ullam libero atque alias voluptas sit odio eos quibusdam aperiam tempore illo facere a ut molestias inventore iusto.</p>	157	4	2021-04-07 22:17:42.828801	2021-04-07 22:17:42.828801
1184	Death to all who oppose us!	4	<p>Odit et id labore fuga ut assumenda et laboriosam voluptatem omnis iusto eveniet architecto expedita voluptas numquam et repellat omnis eius voluptas commodi tenetur eligendi unde repudiandae ea recusandae qui veritatis.</p><p>Consequatur voluptatem et aliquid incidunt sit nesciunt voluptas dignissimos est iusto praesentium nihil dolore ratione similique veniam molestiae rerum voluptatem delectus illum omnis amet quas occaecati labore corrupti quia sint et ut.</p><p>Dolorem nemo corrupti eveniet velit omnis nulla ad voluptatibus vel non praesentium at earum quia voluptatum qui deleniti iure cumque aut qui beatae magnam culpa veniam dolorum odio.</p>	157	3	2021-04-07 22:17:42.831898	2021-04-07 22:17:42.831898
1185	State your business.	5	<p>Harum perferendis magnam aliquid rerum deserunt ex atque voluptas explicabo iste voluptatem odit reiciendis perspiciatis voluptatem dicta nihil corporis sed voluptatem porro et quasi pariatur aut rerum rem veniam ut inventore.</p><p>Molestias sed numquam rerum pariatur sunt consectetur fugit ea magnam explicabo eum saepe et delectus vitae enim quo ut velit cupiditate quidem in non recusandae deserunt eius repellendus accusamus ipsa ea iste libero.</p><p>Autem est sunt corrupti nihil voluptatem odio qui asperiores dolor voluptatem blanditiis eaque dolore vel sit tempora perspiciatis officia eos et provident harum quia iure in rerum numquam qui.</p>	157	6	2021-04-07 22:17:42.834992	2021-04-07 22:17:42.834992
1186	Glory to the Sin'dorei.	5	<p>Harum officia inventore aut vero nihil non porro et expedita delectus deserunt blanditiis ab unde necessitatibus veritatis et nihil recusandae rem illum reiciendis magnam fuga.</p><p>Doloribus earum consequuntur itaque sed cupiditate reiciendis excepturi id aut architecto sint blanditiis omnis laboriosam recusandae perspiciatis non similique a temporibus molestiae explicabo labore odit enim aut nulla maiores dolores vero ea.</p><p>Consequatur id dolores voluptas aut perspiciatis quod amet ipsum at voluptate qui voluptatem eaque aut excepturi voluptatem accusamus et laboriosam molestias quo enim quis.</p>	157	1	2021-04-07 22:17:42.838308	2021-04-07 22:17:42.838308
1187	I have one of a kind items.	3	<p>Incidunt non nihil nisi nam voluptatem officia distinctio quia nulla dolorem vero est fuga ipsa veniam voluptatibus enim placeat beatae voluptatem dicta ut et tempore non commodi repellendus eum modi autem.</p><p>Recusandae libero autem voluptatem laudantium autem culpa repudiandae quia nihil rerum qui eveniet reprehenderit voluptatibus magni sed illo iusto nostrum deleniti quas facere facilis aliquam error enim porro ipsa officiis pariatur aliquid.</p><p>Et eum voluptatem autem nobis laboriosam id modi laudantium illum beatae sint pariatur quae illo animi voluptates voluptatum quia ex aliquam quaerat provident similique dicta sit occaecati dignissimos aut.</p>	158	11	2021-04-07 22:17:43.041751	2021-04-07 22:17:43.041751
1188	It is a wonder you have lived this long.	4	<p>Et consequuntur possimus reprehenderit sunt cum assumenda ipsa soluta esse pariatur id nobis voluptas occaecati nam placeat est velit nihil dolor quisquam modi exercitationem asperiores nulla fuga.</p><p>Qui et nostrum repellendus ipsa nesciunt nihil voluptas totam eveniet corrupti vero dolor necessitatibus eos laudantium omnis et nemo et ex officiis vitae est quia aspernatur.</p><p>Repellendus maiores sunt quo voluptatem et eligendi nisi consectetur accusantium doloribus totam consequatur dignissimos ea est expedita eos necessitatibus labore explicabo qui omnis beatae aperiam et itaque et laudantium exercitationem rerum officiis dolore quidem perspiciatis soluta dolorem.</p>	158	14	2021-04-07 22:17:43.045464	2021-04-07 22:17:43.045464
1189	State your Business!	2	<p>Ullam sit blanditiis dolorem numquam reprehenderit reiciendis ut molestiae explicabo vitae facere pariatur distinctio quibusdam nihil dicta et natus ut et provident doloremque unde nostrum saepe est cumque debitis tempora ipsa enim consequatur qui perferendis nam animi.</p><p>Cumque inventore adipisci commodi id dolor fugit est error perferendis est laborum sit unde ut et sint illo qui enim totam ut praesentium necessitatibus.</p><p>Aliquid possimus animi pariatur ad sunt rerum ut tempora est quia quod enim odio accusantium fugiat aut id harum molestiae ea et quaerat consequatur rem non excepturi dolorum modi magni impedit voluptatem quae odit autem et.</p>	158	5	2021-04-07 22:17:43.048547	2021-04-07 22:17:43.048547
1190	What Business have you?	4	<p>Et rem ipsum laborum ut repudiandae voluptatem et nihil velit dolore consequatur accusamus aut consequatur eveniet ab voluptatibus natus unde et et itaque dolor ut quia dolores numquam qui nostrum ex tempora laudantium consequatur.</p><p>Tempore est et voluptatum atque qui est quasi aut eos et maiores et iste ut voluptates expedita mollitia magnam necessitatibus consequatur et quidem quisquam error qui sint.</p><p>Explicabo laboriosam dolorem perferendis cumque quisquam et quod error fuga suscipit quia sed repudiandae nostrum et saepe aut natus qui blanditiis autem laborum ab libero iste delectus ducimus omnis nam odit quia tenetur voluptates et ut in.</p>	158	13	2021-04-07 22:17:43.051482	2021-04-07 22:17:43.051482
1191	It is a wonder you have lived this long.	1	<p>Omnis veniam omnis consequuntur illo facere qui laboriosam modi quibusdam id molestiae sint eius voluptas non voluptatem illum quia itaque quo consequatur consequatur esse earum ea quam minima eaque in.</p><p>Qui architecto hic deleniti optio dolores aliquam quis ab nisi magni et et dignissimos est minus ipsam commodi deserunt sunt aut est dicta debitis ut asperiores consequuntur sapiente culpa beatae facere quam.</p><p>Nesciunt et magnam animi non consectetur voluptas est vitae vel rerum accusamus dolores autem voluptate nemo quis sunt totam sequi esse odio ducimus velit corrupti.</p>	158	5	2021-04-07 22:17:43.055778	2021-04-07 22:17:43.055778
1192	Stay the course	1	<p>Omnis laborum nihil illum et doloremque dignissimos quos odit voluptas id ut assumenda et corrupti non quia ut eligendi dolorem sit qui consequatur praesentium eaque omnis similique.</p><p>Illo qui quaerat quos libero maiores eveniet numquam voluptas itaque aut corrupti quo veritatis in est sit neque sunt exercitationem modi aut ab blanditiis voluptatum cumque id explicabo animi soluta a id est labore.</p><p>Eveniet voluptatem aliquid adipisci quas quia voluptatem possimus sed nam voluptatem iure nesciunt et est fugiat nihil ducimus omnis laborum vero aut ut tempora sunt voluptas tenetur ut quam sit corrupti.</p>	158	6	2021-04-07 22:17:43.058703	2021-04-07 22:17:43.058703
1193	Time is of the essence.	1	<p>Necessitatibus numquam consectetur nemo non voluptatum omnis cumque eveniet voluptatem quas vero sit quos ratione dolorum porro facilis similique et sit est et dolore qui dignissimos quod eum enim dicta.</p><p>Vel dolores voluptatem repellendus possimus aut magnam minus provident delectus nihil rem quia et nesciunt voluptatibus aspernatur quidem vitae unde at ullam dolorum dignissimos.</p><p>Molestias magni excepturi quia ad qui ullam quia delectus ducimus perferendis tempora non fugiat a illum eligendi dolorem quis similique cupiditate et voluptas voluptate dolor possimus minima reprehenderit.</p>	158	13	2021-04-07 22:17:43.061718	2021-04-07 22:17:43.061718
1194	Everything has a price.	2	<p>Officia quo reiciendis sint incidunt amet repellendus sed eum sunt vero impedit quis et quo occaecati ut omnis adipisci autem repellat ducimus ut ratione consectetur et voluptatibus ut id nesciunt et modi molestiae id est debitis tempora.</p><p>Eum quia ab blanditiis consequatur maiores autem assumenda iste eaque ad veniam optio qui labore corporis aut accusamus qui neque ut ut et dolorum consequatur est dignissimos omnis distinctio sed adipisci eos similique impedit ea.</p><p>Eaque autem in eum consequuntur recusandae qui ad ut aspernatur facilis tenetur quibusdam aliquid eveniet voluptatum dolorem adipisci eligendi vero nesciunt id error odio iure rem maxime iusto et totam et.</p>	158	13	2021-04-07 22:17:43.064747	2021-04-07 22:17:43.064747
1195	Stay the course	1	<p>Qui voluptates quos magni culpa officia et commodi eos expedita dicta dolores maxime et voluptas nobis nulla ea porro aliquid et blanditiis ut minus eius.</p><p>Alias fugit neque officiis et error rerum expedita iure ipsa assumenda est aut incidunt nostrum odio doloribus omnis totam cum numquam atque laudantium id illum temporibus ut voluptates beatae quidem veniam nisi quis labore quia laboriosam.</p><p>Dolorem magnam ratione doloribus deleniti et consectetur ut dolorem voluptate accusantium modi enim quia quae fugit et consequuntur nam facere nemo quo porro error quas voluptatibus quaerat.</p>	158	1	2021-04-07 22:17:43.067716	2021-04-07 22:17:43.067716
1197	Sela'ma ashal'anore!	1	<p>A quia eligendi minima ut neque et aut iure sit quasi delectus voluptates voluptatibus quis veniam provident eum quia et cum dignissimos reprehenderit est recusandae tempore quas voluptatem illum totam ipsam modi nesciunt.</p><p>Quidem exercitationem vero est mollitia ut dolorem perferendis similique iste a aut tempora est eveniet ipsum possimus adipisci alias aliquam praesentium molestias delectus dolorum occaecati voluptatibus et voluptatem consequatur aut amet voluptas dolorem.</p><p>Architecto recusandae et ea minima praesentium dolorem et tenetur voluptas expedita natus sed quis qui culpa perferendis debitis aliquid ex consequuntur qui voluptates ad.</p>	158	7	2021-04-07 22:17:43.074217	2021-04-07 22:17:43.074217
1198	Run away pest!	4	<p>Veniam qui consequatur numquam laborum qui sequi unde natus impedit nam qui vitae nulla quia voluptatem rerum tempora asperiores voluptatem deleniti dicta quis facere dolorem velit iure sint sunt perspiciatis.</p><p>Ipsa modi libero qui placeat quia in saepe a et sed dicta quia distinctio magni culpa nihil beatae praesentium sed sunt voluptates minus cupiditate unde est animi fugit esse deleniti.</p><p>Qui rerum nemo quidem sint necessitatibus quos iure sit sunt eum voluptas dignissimos molestias eaque aut dolores consequatur laudantium explicabo est cumque nam odio pariatur alias provident debitis voluptatum inventore et ipsam occaecati error fugiat labore.</p>	158	1	2021-04-07 22:17:43.077118	2021-04-07 22:17:43.077118
1199	The dark times will pass.	4	<p>Recusandae consectetur ut molestias aliquid esse quaerat sunt vel et et aut dolore doloribus voluptatum et mollitia dolorem omnis autem culpa suscipit deleniti voluptatibus minima reprehenderit sed sunt officia unde voluptatem corporis aspernatur.</p><p>Sed inventore debitis ratione possimus eligendi unde fugiat neque exercitationem laboriosam et soluta est corporis repellat sit voluptatum saepe blanditiis aut ut aliquam consequatur sed quis aperiam id architecto doloremque enim quaerat minus voluptatem alias.</p><p>Quidem commodi voluptatem est adipisci sed laudantium accusamus eligendi repudiandae id occaecati et debitis sed ducimus optio laborum quod ad ipsam voluptatem qui est.</p>	159	3	2021-04-07 22:17:43.27838	2021-04-07 22:17:43.27838
1200	Your gold is welcome here.	3	<p>Qui et ut aut non molestiae ut in quis fugiat nihil omnis officiis consequatur minima soluta tempora aut architecto repellendus et totam enim ad saepe.</p><p>Cumque perferendis corporis enim in non veniam nisi magni rem et voluptatem fugit ipsum omnis vel quasi voluptas hic velit harum repudiandae illum aliquam dignissimos excepturi quia voluptate est eveniet commodi exercitationem animi laudantium qui atque unde.</p><p>Ab eos possimus architecto voluptas eius rerum pariatur soluta eum odit laboriosam illo vel nulla recusandae quis ex cum omnis vel enim reprehenderit in esse et ducimus dolores animi beatae totam repudiandae.</p>	159	8	2021-04-07 22:17:43.28871	2021-04-07 22:17:43.28871
1201	Keep your wits about you.	1	<p>Aliquid harum nobis est labore dolor consequatur accusantium consequatur et veritatis aut omnis et amet fugit voluptas officia tenetur ullam vero unde accusamus dignissimos libero.</p><p>Rem suscipit quam repudiandae voluptas veniam ducimus non ipsa et dolore enim eaque explicabo reiciendis laboriosam et consectetur praesentium et sit voluptatem dolores nobis enim sit aperiam ullam in beatae possimus minus sunt.</p><p>Perferendis dolorum qui vitae minima occaecati voluptatem culpa aut rem quia dolore accusantium aut sed consequatur est reiciendis quasi eveniet illum ab quia non et assumenda quaerat rerum dolorem consequatur.</p>	159	2	2021-04-07 22:17:43.292538	2021-04-07 22:17:43.292538
1202	We will have justice!	5	<p>Qui vero omnis in amet atque accusantium ut eligendi qui officiis qui esse expedita consequuntur sit sequi eos et quia velit quis aut voluptates suscipit aut nam et voluptas quae ab deserunt molestiae autem necessitatibus maiores.</p><p>Sequi aut velit est sunt eos consequuntur ea quasi occaecati officia perspiciatis omnis eum ipsa numquam recusandae quia et qui ut voluptatem tempora iure voluptate possimus in qui rerum est ad officiis tenetur nesciunt blanditiis error.</p><p>Consequatur ut veniam nulla facilis similique quos quisquam sed ab sit nemo cumque id quia quasi molestiae quis sit non vitae et nam ipsa error pariatur iste illum.</p>	159	7	2021-04-07 22:17:43.295429	2021-04-07 22:17:43.295429
1203	We will have justice!	4	<p>Alias ab inventore exercitationem voluptatem ut deleniti sequi et id ea voluptatem eum sint facere qui et id ut dignissimos in et eos iusto est dolor vel qui consequatur eum nobis dicta et.</p><p>Dolor iusto aut nostrum tenetur autem sit quo quos et error natus cupiditate molestiae nihil incidunt sed ut voluptatem suscipit corrupti eaque accusantium iste blanditiis illo nihil et rerum inventore repudiandae at delectus eum recusandae aut veniam.</p><p>Eveniet quae quia omnis voluptas suscipit laudantium aliquam dolore non eligendi aperiam id placeat sunt facilis molestias autem voluptatem sint minus distinctio at voluptas et cum et qui aut vel hic quas eum cupiditate sequi qui doloribus.</p>	159	14	2021-04-07 22:17:43.298405	2021-04-07 22:17:43.298405
1204	Hold your head high.	3	<p>Culpa tenetur quidem quo nostrum maiores sit vel quis quasi pariatur blanditiis et adipisci voluptatem aut ab voluptatem atque temporibus non sit sunt odio excepturi iste quia et consectetur aut deleniti reiciendis enim fugit.</p><p>Quam mollitia quibusdam quia officiis quia inventore et dolores unde nesciunt quia accusantium deleniti beatae ut voluptatem consequatur rerum aut reiciendis amet omnis ea voluptates.</p><p>Sit iure laboriosam numquam sed sed nemo exercitationem est ut animi consequatur cum inventore voluptatem aut provident commodi ad illum quia possimus aliquam repellendus ea error.</p>	159	14	2021-04-07 22:17:43.302161	2021-04-07 22:17:43.302161
1205	Keep your wits about you.	1	<p>Fugit consequuntur qui vero qui dicta ut magnam quis explicabo praesentium in consequatur eum aut corrupti ipsa natus numquam eligendi impedit consectetur quo in.</p><p>Ut ullam minima fugiat minus aut deserunt dicta expedita vel laudantium vero temporibus aut illo omnis veniam quisquam esse et ipsam voluptas rerum odio voluptates consequatur perspiciatis consequatur fugit aspernatur.</p><p>Impedit similique ut quod nihil accusamus quo ab placeat velit ut voluptas et debitis tempore est voluptates perspiciatis dolores sit sed et facilis sequi quisquam reiciendis.</p>	159	9	2021-04-07 22:17:43.305316	2021-04-07 22:17:43.305316
1206	Not very intelligent, are you?	1	<p>Amet iure est et et at minima et harum atque quis beatae rerum dolorem reprehenderit quod deserunt repudiandae ipsa ipsum dolores eaque impedit itaque accusamus aliquid totam cupiditate eos id voluptatem deleniti commodi placeat sit dolorem.</p><p>Vero facilis error delectus corrupti qui voluptatum non labore consequatur ad excepturi nostrum tempora fuga autem aut et non quia occaecati qui odio rerum nesciunt totam debitis nulla minus veritatis.</p><p>Voluptatibus necessitatibus minus ratione adipisci sit in ea aut unde omnis voluptas sequi sunt nam sint molestiae aliquam quo sed ipsum officia ut quia aut omnis repellendus consequuntur animi nesciunt qui nobis iusto exercitationem.</p>	159	13	2021-04-07 22:17:43.308313	2021-04-07 22:17:43.308313
1207	Hold your head high.	5	<p>Sit voluptates est dolor alias voluptatem consequatur molestiae assumenda in placeat reprehenderit minima esse modi numquam deserunt praesentium incidunt quia sapiente et blanditiis qui aut vel vero omnis ullam.</p><p>Placeat dolor provident aut pariatur sequi illum temporibus nobis et et at repellendus velit fuga et saepe est voluptatibus eum et eligendi ut ad dolorum optio natus aut sit nostrum sint reprehenderit voluptas nemo perferendis suscipit.</p><p>Ratione ipsa nemo rerum magni vel voluptatem dolores ducimus nam reprehenderit ut iure temporibus animi quia illum consequatur odio dignissimos at ut sunt vel alias eaque ipsum suscipit aut est excepturi reiciendis exercitationem enim eum dolore et.</p>	160	13	2021-04-07 22:17:43.509977	2021-04-07 22:17:43.509977
1208	Shorel'aran.	1	<p>Ad distinctio quis nostrum et blanditiis laudantium veniam quas non corporis voluptate ex quam eligendi ut placeat modi corrupti cumque eos aut voluptates reprehenderit sed odio et laboriosam omnis.</p><p>Veritatis aspernatur blanditiis deserunt illum inventore sunt repudiandae facilis ut modi ut occaecati adipisci qui consequatur nisi saepe tenetur temporibus corporis ut quia doloremque officia aut quis illo esse.</p><p>Ea laudantium assumenda omnis quia et culpa aperiam sit eveniet nisi est eum quis nihil ipsa aut quibusdam blanditiis dolorem voluptatum reprehenderit incidunt ad repellat asperiores perspiciatis.</p>	160	2	2021-04-07 22:17:43.513069	2021-04-07 22:17:43.513069
1209	What business have you?	5	<p>Unde fugit ut totam cumque voluptatibus dicta eos ab rerum nam et eaque commodi recusandae neque quis id dolor ut aliquid inventore voluptatem provident dolor quod velit excepturi quia incidunt.</p><p>Et quia ipsa ea at quod distinctio aut ab voluptatem laudantium et sed voluptatibus eius sunt consequatur perferendis minima quo accusamus inventore non voluptatem iste enim aut ea aut aperiam minus beatae.</p><p>Neque error sit dignissimos est repellendus at sint et praesentium consectetur quaerat et minima corporis quis reprehenderit facere illo aut ut temporibus amet accusamus qui culpa dolor necessitatibus maxime quod voluptatibus non ut porro sequi omnis qui.</p>	160	1	2021-04-07 22:17:43.516169	2021-04-07 22:17:43.516169
1210	We will have justice!	4	<p>Autem atque impedit facere doloribus quia eligendi non assumenda vel eos fugit odit aut maxime eos enim quo dolorum hic excepturi iste voluptas incidunt.</p><p>Repudiandae at consequatur reiciendis distinctio nihil quia qui consectetur sed architecto officia dolor alias iste dolorem minus voluptatum ad provident eos id voluptas cum maiores omnis nisi.</p><p>Magnam et doloremque aut voluptatem id fuga est quae sed minus labore quas velit laborum debitis itaque doloribus sequi in odio repellendus quam soluta.</p>	160	9	2021-04-07 22:17:43.519055	2021-04-07 22:17:43.519055
1211	Why do you linger?	2	<p>Ex quia molestias doloribus temporibus provident consequatur consequatur ut id aliquam sit veritatis quibusdam dolorem vitae adipisci quisquam reiciendis quasi nemo maiores ullam sint non aliquid minima.</p><p>Ex officiis eaque in voluptatem quibusdam rerum ipsa quidem id provident enim dignissimos natus debitis similique voluptatem culpa expedita odio incidunt quia ratione dolores dolorem magnam autem voluptatem eum nam eum.</p><p>Ducimus quas ea autem fuga id a blanditiis ipsam veritatis facere ut pariatur voluptas quae eum sit aliquid sed dolores aperiam vel consequuntur suscipit deserunt beatae ullam aut expedita sed dolor recusandae est.</p>	160	14	2021-04-07 22:17:43.523	2021-04-07 22:17:43.523
1212	You waste my time.	2	<p>Ipsa incidunt aut iure error repellendus ad rerum nesciunt corrupti dolores accusamus non a laborum totam aut eaque temporibus voluptatem natus deleniti saepe modi optio dolore enim vel et exercitationem sunt qui aut eos voluptates sit.</p><p>Debitis eaque doloremque enim exercitationem est facere facilis ratione dignissimos qui et qui ea quae error explicabo omnis voluptas rerum aut architecto veniam natus odio ex adipisci sunt officiis vero et temporibus repudiandae nisi quam reprehenderit.</p><p>Aut totam ut et illo ex eaque sunt dolores id minus molestiae non et minima enim sit maiores assumenda vel dolorum necessitatibus nobis sit eius et distinctio culpa iure quidem soluta omnis occaecati ducimus voluptates qui.</p>	160	14	2021-04-07 22:17:43.526009	2021-04-07 22:17:43.526009
1213	Anaria'shoala.	5	<p>Deserunt quae consequatur omnis porro pariatur deleniti quia quam repellendus veniam tempora et voluptatibus sed voluptas unde exercitationem praesentium nobis delectus in corrupti sint et eum qui consequatur nisi consectetur officiis et voluptas.</p><p>Corporis repellat quia alias laboriosam et natus sint possimus ad tenetur unde aliquid illo nisi veritatis qui nam nesciunt porro veniam quis consectetur officia adipisci.</p><p>Incidunt sint ad et nobis qui magnam et blanditiis omnis sed id voluptas et error quis unde eveniet laboriosam officia veniam nam amet a cum et dolorem adipisci voluptatem dolor ex natus beatae.</p>	160	9	2021-04-07 22:17:43.528707	2021-04-07 22:17:43.528707
1214	Hold your head high.	5	<p>Tempora iure repellat consequuntur quibusdam dolorum eius placeat accusantium commodi voluptatum voluptatem adipisci nisi omnis optio pariatur deserunt atque similique est enim omnis ab ut odit cupiditate nobis in maiores.</p><p>Soluta neque non et unde odit praesentium inventore iusto expedita et magni accusantium nesciunt voluptatibus ab dolores accusamus est ullam tenetur ut sit non deleniti minus omnis aliquid exercitationem eaque voluptate officiis veritatis ut fuga ipsa et.</p><p>Adipisci quo et enim aut non dolore nisi blanditiis minus excepturi quidem sequi dolores nihil voluptas odit perspiciatis quia debitis sit minima in sint aut totam qui beatae illum.</p>	161	10	2021-04-07 22:17:43.728631	2021-04-07 22:17:43.728631
1215	Your gold is welcome here.	5	<p>In vitae et sint incidunt libero numquam minima molestiae animi fugit aliquam autem eum atque rerum expedita error totam quia iste nobis ut ea voluptate amet excepturi necessitatibus asperiores molestias ipsam praesentium quaerat.</p><p>Optio ea est asperiores vel consequatur eos iure iusto odio fugiat aut qui id voluptate reprehenderit ipsam repudiandae ipsa consequatur libero nisi officiis consequuntur.</p><p>Quia aut ex quia omnis blanditiis ut eaque doloribus voluptas tempore consequatur minus odio iure pariatur exercitationem vitae ipsum amet aut consequatur rerum non atque odit iste maxime voluptate sit quasi veritatis recusandae eum.</p>	161	11	2021-04-07 22:17:43.732229	2021-04-07 22:17:43.732229
1216	The dark times will pass.	3	<p>Et deserunt omnis nisi minima architecto voluptatem ipsam molestias quisquam ut eius ullam velit dolorem iste nam veniam at similique perferendis id qui ab suscipit quos ea est dolorem magni vero nemo error inventore.</p><p>Nobis et ipsam repellat ab magnam incidunt amet officiis iusto doloribus natus nam id et earum eos iste quia atque aliquam temporibus quam non blanditiis repudiandae qui.</p><p>Et et nisi eum laudantium nulla ut asperiores sed voluptatem in ab at et eligendi perferendis quod fugit saepe accusantium omnis dolor facere aspernatur quas.</p>	161	11	2021-04-07 22:17:43.735221	2021-04-07 22:17:43.735221
1217	You waste my time.	2	<p>Provident sit tenetur autem harum eum cumque corrupti nulla vel excepturi quas qui dolorum iste labore et et non qui nihil rerum sint cum animi sint.</p><p>Pariatur et sed molestiae similique adipisci quidem et deleniti harum consequatur esse rerum maiores quia atque necessitatibus vel iste reiciendis corporis sit ut dolorem praesentium et.</p><p>Ut voluptates ut aliquid provident magni adipisci ab vitae fuga tenetur illo enim nisi quae quasi facere at eum ipsa placeat omnis velit ut recusandae vero reiciendis qui assumenda corrupti hic quo earum consequatur atque dolore eius.</p>	161	3	2021-04-07 22:17:43.738127	2021-04-07 22:17:43.738127
1218	Death to all who oppose us!	2	<p>Ut omnis illo eius perspiciatis voluptatem molestias et dolorem possimus eos aperiam distinctio unde aliquid quam inventore ut non laboriosam non quo et sunt reprehenderit maxime qui aspernatur excepturi et nesciunt et aliquam labore qui vel.</p><p>Omnis fugit ut rem veritatis dolores autem vel odit voluptates corrupti maxime sed ex voluptatem rerum et ipsam dolor incidunt nihil dolorem nam velit.</p><p>Quas placeat et est aut qui blanditiis animi quasi mollitia magnam velit ipsa praesentium numquam odit aut iure temporibus inventore quo quaerat et cupiditate necessitatibus.</p>	161	9	2021-04-07 22:17:43.740808	2021-04-07 22:17:43.740808
1219	What business have you?	3	<p>Qui tenetur rerum rerum expedita totam ipsum temporibus est qui dolor ut dignissimos cum aut quaerat perspiciatis quis et unde nihil voluptatem eligendi dolores iusto dolore laborum asperiores sint occaecati quia est voluptas possimus accusantium et.</p><p>Iusto eum porro enim sapiente aperiam et ut est quis ducimus repudiandae perspiciatis consequatur sunt veniam eligendi minus quia maxime commodi sed neque sunt consequuntur ullam non velit dolorem harum est repellendus minima facilis dolores temporibus delectus.</p><p>Eos qui voluptas porro est qui commodi occaecati et earum harum minus consectetur et placeat rem quas qui ratione accusantium atque itaque saepe fuga amet rerum numquam quo omnis illo facilis eum dolores dolore.</p>	161	4	2021-04-07 22:17:43.743739	2021-04-07 22:17:43.743739
1220	You waste my time.	2	<p>Qui possimus aut ullam rerum quae ad et ipsum quisquam earum sunt est commodi sit rerum delectus nisi repudiandae deserunt natus et aut nemo qui eos impedit veritatis voluptate officiis expedita aut.</p><p>Sunt assumenda architecto eligendi explicabo in eius repudiandae molestiae aut dolores quia totam in maxime facilis iste vel quas voluptates exercitationem consequatur voluptas labore veniam sequi natus est ipsa.</p><p>Labore autem et cupiditate aut ad perferendis voluptate quibusdam aperiam aut et ut tempore quo sed sapiente occaecati quod aliquam expedita voluptas molestiae error exercitationem omnis in dolores est incidunt.</p>	161	4	2021-04-07 22:17:43.746545	2021-04-07 22:17:43.746545
1221	Ah, you have a death wish.	5	<p>Assumenda sit aliquid omnis modi expedita odit numquam optio sit necessitatibus dolorum et officia ut hic sequi doloremque sunt quasi ducimus qui aut et ea.</p><p>Quas ut commodi illo quidem eaque temporibus molestiae molestiae nihil vero alias voluptatem rerum autem similique porro dignissimos maxime ab soluta adipisci quia laborum aut cupiditate quia quis maiores sapiente quaerat.</p><p>Eum modi laborum rerum omnis cupiditate ipsum illo eveniet eaque numquam ut quaerat quia doloribus dolore laudantium aliquam non inventore sed nam aliquid eligendi aspernatur consequuntur ex cum.</p>	161	7	2021-04-07 22:17:43.749395	2021-04-07 22:17:43.749395
1222	Not very intelligent, are you?	2	<p>Necessitatibus amet fugit dicta aperiam nostrum quidem vitae et eligendi minima ex odio a rerum modi vero iure sed assumenda commodi dolorem nisi ut.</p><p>Quos consequatur quia maiores rerum quisquam aspernatur omnis non delectus perspiciatis veniam incidunt aut est ut qui accusamus alias amet eligendi neque ut vitae nihil omnis dolorem iste repellat molestiae.</p><p>Alias quia enim voluptatem aut fugiat quo ut ea quia minus est fuga vero occaecati laboriosam qui praesentium iusto ut fugit in ut maxime soluta sint earum sapiente corporis velit est facere voluptas quia.</p>	161	7	2021-04-07 22:17:43.752873	2021-04-07 22:17:43.752873
1223	It is a wonder you have lived this long.	2	<p>Unde enim accusantium cupiditate est perspiciatis numquam alias reprehenderit vel placeat quia ut ad qui id ut animi iure exercitationem non quasi necessitatibus quo amet maiores dignissimos aspernatur ducimus aut et aut saepe illo sit fuga consequatur.</p><p>Autem quo vitae ipsam deleniti odio in fuga cupiditate architecto delectus quod nihil recusandae aliquam pariatur rerum mollitia provident autem qui adipisci minima ex eos aut qui.</p><p>Dolores totam cupiditate doloremque aperiam consectetur autem placeat delectus eius molestiae qui id nihil debitis temporibus officia dolore rerum non quos eos adipisci quia soluta voluptas deserunt veritatis a quia est numquam dolores et excepturi enim officiis.</p>	161	8	2021-04-07 22:17:43.756685	2021-04-07 22:17:43.756685
1224	The reckoning is at hand!	2	<p>Ut est non voluptatem autem sunt occaecati rerum eum delectus et doloribus eveniet deleniti et quaerat error vitae corporis et eligendi odit sint expedita atque quae ab in repellendus magni quis necessitatibus ut adipisci.</p><p>Qui pariatur voluptatibus tenetur aperiam eos sint omnis quaerat omnis perferendis similique dignissimos vel enim eos qui et neque ullam et sit est nesciunt distinctio et earum eius et dolor maiores ut est nemo ad.</p><p>Ad nihil quas ipsam sint earum beatae sed fugit libero nulla dolor qui est rerum eum eos corporis architecto quod magnam labore quia quisquam et possimus harum laborum dicta omnis autem autem dignissimos officiis ut.</p>	161	5	2021-04-07 22:17:43.760235	2021-04-07 22:17:43.760235
1225	Glory to the Sin'dorei.	1	<p>Nam voluptate quia porro quo aut eligendi omnis facere nihil maiores tempora quo aut eos minima rerum nostrum vero eius illo iure cum excepturi sapiente et saepe sunt voluptatem.</p><p>Adipisci corrupti ipsam esse sint non cum autem quae incidunt enim et officia mollitia laudantium voluptatibus repellat amet dolor nisi quos qui rerum fugiat facere voluptates ea ut ex aut laborum voluptas assumenda voluptatem sed vitae.</p><p>Sunt quasi sint porro architecto autem ut molestias qui voluptatem facilis voluptas provident adipisci autem consectetur in inventore nostrum omnis veritatis recusandae explicabo animi cum.</p>	161	8	2021-04-07 22:17:43.764173	2021-04-07 22:17:43.764173
1226	I had little patience to begin with.	1	<p>Quo quia quia eligendi maiores tempore exercitationem animi molestiae error qui harum libero inventore ut et culpa est nemo voluptates eaque veniam voluptatum corrupti quis architecto voluptatem numquam unde quas aut.</p><p>Accusantium commodi labore doloribus explicabo et et recusandae aut id rem est minus maxime esse dignissimos asperiores est sit velit et dolor et deserunt corrupti earum impedit sunt atque adipisci repellendus et.</p><p>Unde quasi in sunt similique in exercitationem odit numquam dolorem officiis amet sapiente molestiae repudiandae quia officia dignissimos ut dicta sunt tenetur sit eos.</p>	161	5	2021-04-07 22:17:43.767982	2021-04-07 22:17:43.767982
1227	To hell with you swagger!	5	The quality and craftmanship is on par with the best on the market!	163	4	2021-04-07 23:18:38.759587	2021-04-07 23:18:38.759587
1228	Simply the best	5	This is one of the best kits and I'm totally not biased in my review. Old reliable here is a kit anyone can have fun with.	162	3	2021-04-08 03:24:18.442695	2021-04-08 03:24:18.442695
1229	The Best	5	Seriously Cool, I didn't think I would like this so much but now that I have built it.. Great.	164	10	2021-04-08 18:23:45.535675	2021-04-08 18:23:45.535675
1196	An'u belore delen'na.	5	<p>Hic repellat est odit aut voluptas assumenda ratione necessitatibus qui dolorem et labore ab blanditiis esse voluptatem ipsam nihil quas quasi voluptatem error tenetur explicabo ipsum nam deleniti est dolorum minima nihil rerum.</p><p>Ut possimus quis eveniet doloremque quis omnis dolores debitis molestiae qui architecto et et tempore illum ipsam aut nisi commodi molestiae similique voluptas et quia perspiciatis itaque aut nostrum.</p><p>Nesciunt vel minima qui et inventore sunt hic laborum porro ea omnis possimus corrupti sed dignissimos vero unde odio eius delectus consectetur eligendi magni fuga voluptates iure.</p>	158	10	2021-04-07 22:17:43.070986	2021-04-08 18:24:28.761223
1180	I sell only the finest goods.	5	<p>Id nam et sit dolorem assumenda omnis aliquid nemo minus doloremque nostrum distinctio esse autem pariatur aut eveniet consequuntur harum impedit placeat natus eaque rem blanditiis ullam ab.</p><p>Perferendis quia sunt fuga eos sit blanditiis inventore rem reprehenderit incidunt aut quia ut qui ut ut sit non veniam qui quod vel maiores ea omnis aut.</p><p>Iure ut quia veniam rerum quae cum et ea perferendis sit alias omnis amet ipsam quam modi aut quia ducimus qui minus blanditiis est culpa pariatur aut deleniti sed illo tenetur vitae doloremque quaerat corrupti accusamus dolor.</p>	156	10	2021-04-07 22:17:42.620429	2021-04-08 18:24:37.43116
1088	The Eternal Sun guides us.	5	<p>Cum blanditiis dignissimos suscipit vel iusto et dolor ea quia qui in aut voluptatibus omnis error consequatur commodi ut distinctio autem accusamus quia est et quis quae aut iure sequi consequatur maxime sed incidunt.</p><p>In aut assumenda libero labore dolorum amet aut et est ad consequatur exercitationem magni cupiditate quis consequatur dignissimos provident unde excepturi et sunt qui deleniti ducimus reprehenderit est tempore fugit et et explicabo.</p><p>Deserunt officiis doloremque occaecati qui nobis tempore omnis explicabo tempora totam ipsa voluptatem officia vel quibusdam ut quas quaerat id commodi pariatur quia expedita rerum similique molestiae unde corrupti enim aut incidunt sunt repellat.</p>	147	10	2021-04-07 22:17:40.483225	2021-04-08 18:24:46.87379
1028	Victory lies ahead.	5	<p>Praesentium corporis assumenda sunt quia dolores facilis ex veniam deleniti eos suscipit amet sit voluptas iusto qui et commodi delectus ullam nostrum repudiandae at sint qui illo maxime eligendi.</p><p>Asperiores et fugiat tenetur et explicabo rerum veritatis odit distinctio voluptatibus ullam tempore voluptas quam vel minima molestias impedit sit et non aspernatur sed hic nihil laboriosam amet beatae ipsa.</p><p>In at et facere fugiat ut impedit deserunt accusamus et amet ut perspiciatis omnis atque et assumenda incidunt sed dolore ut architecto optio reprehenderit nisi aut sit illo.</p>	140	14	2021-04-07 22:17:38.876336	2021-04-08 18:26:23.904491
1060	Everything has a price.	3	<p>Minus consequuntur voluptatem velit quia ut quis quisquam repudiandae a sed culpa tempora maiores sint natus fugit quidem unde magnam doloribus molestiae eum earum mollitia voluptatem reprehenderit dolore eos.</p><p>Fugit fuga officia et ipsa nobis ullam dolor magnam repellendus magni hic accusantium ut asperiores sit tempore ipsam aut optio in velit beatae eum unde omnis illum aut sunt voluptas.</p><p>Optio laborum molestias aliquid incidunt ut laudantium enim non eos cumque sed hic et ratione magni et atque quis mollitia omnis libero et et enim sed sunt voluptatum magnam impedit.</p>	144	14	2021-04-07 22:17:39.791801	2021-04-08 18:26:39.618858
1230	I love my Grandpa	5	Grandpa here is the best Gundam ever made! I love that he comes with shoulder cannons and all sorts of accessories. He also has some great poses.	162	10	2021-04-08 18:51:42.185015	2021-04-08 18:52:33.445401
1231	Test	5	This is a test review to make sure that everything is still working.	162	10	2021-04-08 22:07:41.289284	2021-04-08 22:07:41.289284
\.


--
-- Data for Name: schema_migrations; Type: TABLE DATA; Schema: public; Owner: jmstump
--

COPY public.schema_migrations (version) FROM stdin;
20210405165106
20210405165535
20210405165702
20210405170334
20210405180347
20210406153719
20210409202153
\.


--
-- Data for Name: users; Type: TABLE DATA; Schema: public; Owner: jmstump
--

COPY public.users (id, username, email, encrypted_password, bio, reset_password_token, reset_password_sent_at, remember_created_at, created_at, updated_at, admin) FROM stdin;
138	Selena	corrina.hessel@okuneva-mohr.com	$2a$12$jFglsvmvCUfdRVqr7czX7uqImHaoV3ucrZ4BOuMMRK3elvqY9kZEK	The difference between a man and a boy is, a boy wants to grow up to be a fireman, but a man wants to grow up to be a giant monster fireman.	\N	\N	\N	2021-04-07 22:17:38.390098	2021-04-07 22:17:43.790554	f
139	Jeramy	damien@cummings-lubowitz.biz	$2a$12$Iyvlrz4Y4nqtnIxzYcdqt.Caets/zCRICSx7cNNfQG92Cq0SsLoxy	When I think of all the hours and hours of my life I have spent watching television, it makes me realize, Man, I am really rich with television.	\N	\N	\N	2021-04-07 22:17:38.613801	2021-04-07 22:17:43.807496	f
140	Merle	carroll@bednar.co	$2a$12$ESTLoS28dgAn6cDMEMev/uo/MNwZCD5axC/mDRZEdAyhVdiqU9Qku	I think the monkeys at the zoo should have to wear sunglasses so they can't hypnotize you.	\N	\N	\N	2021-04-07 22:17:38.847455	2021-04-07 22:17:43.822459	f
132	Sherwood	willodean.bins@krajcik.co	$2a$12$We5m6M1dP20eNsNKIEE7z.GRW3ZHCtb2s5knzWsBVO2dH0UIfrdNG	I hope life isn't a big joke, because I don't get it.	\N	\N	\N	2021-04-07 22:17:36.97323	2021-04-07 22:17:43.85282	f
133	Yesenia	king.rowe@predovic.io	$2a$12$7hOcWWu0u0Xgnv.z3lsJSe0Tan/gxRe/RN0J/eXTAv8MUtQHR11l.	If trees could scream, would we be so cavalier about cutting them down? We might, if they screamed all the time, for no good reason.	\N	\N	\N	2021-04-07 22:17:37.252036	2021-04-07 22:17:43.868283	f
134	Yung	thomas@robel.info	$2a$12$5wQLRrL5rGc7WstXn1J6Ru92NhD3obOShEctnUQKlhslW6yMs0aZW	Never laugh at a man, until you have walked a mile in his shoes; then you are a mile away, and you have his shoes.	\N	\N	\N	2021-04-07 22:17:37.4926	2021-04-07 22:17:43.883367	f
135	Lael	tasha_runte@bechtelar-bosco.biz	$2a$12$oyA210JYd6gw.cKp99ZceOuMMfmRlha6K99ACZYM6Vryq1qBR/qIC	If any man says he hates war more than I do, he better have a knife, that's all I have to say.	\N	\N	\N	2021-04-07 22:17:37.724292	2021-04-07 22:17:43.899007	f
136	Dennis	christine@luettgen-mcclure.name	$2a$12$QATmwlc2hJ1kGD34eW0k.uRO4ZpFjdfTaqt2ZBq6vBKneWmUgHhHC	Whether they find life there or not, I think Jupiter should be called an enemy planet.	\N	\N	\N	2021-04-07 22:17:37.935415	2021-04-07 22:17:43.924193	f
142	Michel	afton.dicki@conroy-durgan.com	$2a$12$eE08jXP0mDrnxlYUsKqUCedB/rkJuFfJlI7NVt4W6uzkIo0LNNwuu	Many people don't realize that playing dead can help not only with bears, but also at important business meetings.	\N	\N	\N	2021-04-07 22:17:39.295585	2021-04-07 22:17:43.94131	f
143	Phillis	demetria@ortiz.co	$2a$12$.Ik07E8ybA0iy7z8Sv1wO.MIMRfd2vGJ3XClToUwt.nZXahQ09OAS	I bet one legend that keeps recurring throughout history, in every culture, is the story of Popeye.	\N	\N	\N	2021-04-07 22:17:39.552032	2021-04-07 22:17:43.956106	f
144	Marshall	shavonda@muller-schroeder.org	$2a$12$xcpo0CjK.VWKvjOCH06FuuFd6toxnSb2iLRV6fc8IV9uhlE.d.jz2	If trees could scream, would we be so cavalier about cutting them down? We might, if they screamed all the time, for no good reason.	\N	\N	\N	2021-04-07 22:17:39.776609	2021-04-07 22:17:43.975059	f
145	Jerald	tennille.okon@blanda.io	$2a$12$WYqFgfb1Odtw4vNTdqlPh.ONyCv4uLLc1QP0mJOSSUxwMjgm/k59i	I think the monkeys at the zoo should have to wear sunglasses so they can't hypnotize you.	\N	\N	\N	2021-04-07 22:17:39.99521	2021-04-07 22:17:43.992934	f
146	Rusty	sanda_legros@jakubowski-harris.com	$2a$12$Awa6/ta/2K7u/nT2PsHfLOjNVPWPL1qtO59eZ76Nv.Lm3rdTPLs9O	If you ever catch on fire, try to avoid looking in a mirror, because I bet that will really throw you into a panic.	\N	\N	\N	2021-04-07 22:17:40.21157	2021-04-07 22:17:44.012529	f
147	Quyen	georgianna_oconnell@littel.com	$2a$12$SisFlcy6WfWDbg/Lf07GleQFVXqpsc8irIIpqi0Qhsn7g/D9nyu6a	Instead of having "answers" on a math test, they should just call them "impressions," and if you got a different "impression," so what, can't we all be brothers?	\N	\N	\N	2021-04-07 22:17:40.462652	2021-04-07 22:17:44.027657	f
148	Dewey	maurice.macgyver@dubuque.io	$2a$12$pmbqiTl78NsgFBRgdZVMhulznh8AwRZ7PuRolawFg5e/hxpNJwhSO	Laurie got offended that I used the word "puke." But to me, that's what her dinner tasted like.	\N	\N	\N	2021-04-07 22:17:40.70915	2021-04-07 22:17:44.048359	f
149	Kirk	wendell.schoen@hand.biz	$2a$12$h3AaQhM2SahOp6RnVkkaXONd24.c6jc0jGvlHlLB7dHNz7fGo4ebu	What is it that makes a complete stranger dive into an icy river to save a solid gold baby? Maybe we'll never know.	\N	\N	\N	2021-04-07 22:17:40.947215	2021-04-07 22:17:44.064295	f
150	Emilee	ellsworth@ledner.name	$2a$12$wkvOkhaUS1rfHmuST0qJjeqzlI/2mVHn/FqpYsfFvA4EkPXbT1huO	Ambition is like a frog sitting on a Venus Flytrap. The flytrap can bite and bite, but it won't bother the frog because it only has little tiny plant teeth. But some other stuff could happen and it could be like ambition.	\N	\N	\N	2021-04-07 22:17:41.179659	2021-04-07 22:17:44.079203	f
151	Abby	alonzo@pouros-trantow.biz	$2a$12$wN/0QyI83/OW6DqX9xgBtu672olZvUWdcdbqNJdeMXXZc3q2vmQya	If you ever catch on fire, try to avoid looking in a mirror, because I bet that will really throw you into a panic.	\N	\N	\N	2021-04-07 22:17:41.391792	2021-04-07 22:17:44.094224	f
152	Gerri	kathryne_stanton@cruickshank.co	$2a$12$KN4DsSYi3ykYBKdNvqU0ReW.nN2A.ztPXjlEM0JgUtezKH3.gRqeO	What is it that makes a complete stranger dive into an icy river to save a solid gold baby? Maybe we'll never know.	\N	\N	\N	2021-04-07 22:17:41.620416	2021-04-07 22:17:44.109319	f
153	Sherron	edgar.heathcote@block-bins.org	$2a$12$Hlt3i2IkiIHSKyk1Wvv0E.if/x0M8.3Q4ZyOrkg1m70bNtgoOyCFm	Whenever you read a good book, it's like the author is right there, in the room talking to you, which is why I don't like to read good books.	\N	\N	\N	2021-04-07 22:17:41.849111	2021-04-07 22:17:44.124082	f
154	William	miguel@lindgren.com	$2a$12$pyfQNQVMSdln3TDO4yXu9uvFlOjiUryaer.mavx4RG0taMeFJeyPC	Somebody told me it was frightening how much topsoil we are losing each year, but I told that story around the campfire and nobody got scared.	\N	\N	\N	2021-04-07 22:17:42.088817	2021-04-07 22:17:44.141364	f
155	Hsiu	roseann_corwin@hettinger.org	$2a$12$wwbh/knwYA5eYQCo.pn68uN38zcIxui8Ro/3Vd0i/Qgk98Nu1H55q	Never laugh at a man, until you have walked a mile in his shoes; then you are a mile away, and you have his shoes.	\N	\N	\N	2021-04-07 22:17:42.339756	2021-04-07 22:17:44.162008	f
156	Merrill	paris@huel.net	$2a$12$j8BiWxsWw7gOS5H0aA21VOXjBbRJ6fHpI92MQAxzy9fdM6G0h8R72	Somebody told me it was frightening how much topsoil we are losing each year, but I told that story around the campfire and nobody got scared.	\N	\N	\N	2021-04-07 22:17:42.585935	2021-04-07 22:17:44.18004	f
157	Dorthy	bridgett_lowe@douglas-sporer.org	$2a$12$KTJR5AeJFCQDWPbzfANv0uypsSz0GKgsoGub3QD3qbQ6bh3Q0mCaC	The difference between a man and a boy is, a boy wants to grow up to be a fireman, but a man wants to grow up to be a giant monster fireman.	\N	\N	\N	2021-04-07 22:17:42.81608	2021-04-07 22:17:44.206132	f
158	Harold	diane.christiansen@pollich.io	$2a$12$3gJmdQh7IfazLcXshm6XZ.kqcdzBOQOA/i2j5t5MsubqIBgN6dbdq	If you're robbing a bank and your pants fall down, I think it's okay to laugh and to let the hostages laugh too, because, come on, life is funny.	\N	\N	\N	2021-04-07 22:17:43.027531	2021-04-07 22:17:44.220719	f
137	Carmine	shakita_hackett@von-senger.biz	$2a$12$OtuqndM4i8pXFN9B2X.YKu0/4qBBqoSjn5kgU3Hm6LGtGBkm7JRR2	One thing a computer can do that most humans can't is be sealed up in a cardboard box and sit in a warehouse.	\N	\N	\N	2021-04-07 22:17:38.144233	2021-04-07 22:17:43.775645	f
141	Jacqualine	tyler@schaden.io	$2a$12$5GMnymcFqsXjLMzVfS.jcOGjT2pz2M9KC6nruF8cwc07dQ.nrmoy2	When I was a kid my favorite relative was Uncle Caveman. After school we'd all go play in his cave, and every once in a while he would eat one of us. It wasn't until later that I found out that Uncle Caveman was a bear.	\N	\N	\N	2021-04-07 22:17:39.075373	2021-04-07 22:17:43.838783	f
159	Merna	sidney@wisoky.net	$2a$12$XasgZmLxpo0U7TC7i6E3FuLlBpMWVhBQdXLKyR30/dPIl8dfNfa.K	The difference between a man and a boy is, a boy wants to grow up to be a fireman, but a man wants to grow up to be a giant monster fireman.	\N	\N	\N	2021-04-07 22:17:43.264467	2021-04-07 22:17:44.238543	f
160	Leila	merlyn_tremblay@herman.biz	$2a$12$YRKwgJSjmft9fbDmajQAH.65tnJmIWZZEBnOrhWCwZAjNC7gJmd1y	Whenever you read a good book, it's like the author is right there, in the room talking to you, which is why I don't like to read good books.	\N	\N	\N	2021-04-07 22:17:43.495856	2021-04-07 22:17:44.253278	f
161	Amira	darrick@wolf-kuhlman.info	$2a$12$wfaRvVMiZgEyTnCQypd0veHa2f3aE6O9AqmwVitGFd9.qVbG9xgkO	Any man, in the right situation, is capable of murder. But not any man is capable of being a good camper. So, murder and camping are not as similar as you might think.	\N	\N	\N	2021-04-07 22:17:43.715984	2021-04-07 22:17:44.271088	f
163	weeb	weeb@weeb.com	$2a$12$K5tb.eI17DpMetUt39reMuurAZkWp1rkfQPAdVtjnUGmJcx4ZbyI6	No Bio	\N	\N	\N	2021-04-07 23:15:20.568037	2021-04-07 23:15:20.575319	f
164	zap	zap@zap.com	$2a$12$bQUtAbR5CKub4ZUCBEKs0.d9RcCrK1nmkxHSxUvaX23yV8pIkr3bO	No Bio	\N	\N	\N	2021-04-07 23:19:35.541018	2021-04-07 23:19:35.5457	f
165	vader	vader@vader.com	$2a$12$3k9ONqmU2A6UlyTdGOGhq..1cCkSm2ksKdEn5UgTbcZRKsHe5Ngfy	No Bio	\N	\N	\N	2021-04-08 17:29:55.906368	2021-04-08 17:29:55.915794	f
166	admin	admin@email.com	$2a$12$txqFXs4vJFAMbiXn3pXk4OiIjAZ5iwJ3r8MjXf5Lz/cPvw0f/6K4q	No Bio	\N	\N	\N	2021-04-09 20:53:03.711642	2021-04-09 20:53:03.743451	t
162	Lightning Count	zechs@tallgeese.com	$2a$12$YvKR1lKnq9JfETjjT0JcQ.0soCFOMcnl71nL8bm0D9ORsjyYoqop6	If one makes a decision with a cool head, he won't find himself regrettingthat decision later on.	\N	\N	2021-04-07 23:13:00	2021-04-07 22:34:49.821276	2021-04-09 20:54:42.195066	t
\.


--
-- Name: active_storage_attachments_id_seq; Type: SEQUENCE SET; Schema: public; Owner: jmstump
--

SELECT pg_catalog.setval('public.active_storage_attachments_id_seq', 358, true);


--
-- Name: active_storage_blobs_id_seq; Type: SEQUENCE SET; Schema: public; Owner: jmstump
--

SELECT pg_catalog.setval('public.active_storage_blobs_id_seq', 358, true);


--
-- Name: gunplas_id_seq; Type: SEQUENCE SET; Schema: public; Owner: jmstump
--

SELECT pg_catalog.setval('public.gunplas_id_seq', 14, true);


--
-- Name: gunplas_users_id_seq; Type: SEQUENCE SET; Schema: public; Owner: jmstump
--

SELECT pg_catalog.setval('public.gunplas_users_id_seq', 75, true);


--
-- Name: reviews_id_seq; Type: SEQUENCE SET; Schema: public; Owner: jmstump
--

SELECT pg_catalog.setval('public.reviews_id_seq', 1231, true);


--
-- Name: users_id_seq; Type: SEQUENCE SET; Schema: public; Owner: jmstump
--

SELECT pg_catalog.setval('public.users_id_seq', 166, true);


--
-- Name: active_storage_attachments active_storage_attachments_pkey; Type: CONSTRAINT; Schema: public; Owner: jmstump
--

ALTER TABLE ONLY public.active_storage_attachments
    ADD CONSTRAINT active_storage_attachments_pkey PRIMARY KEY (id);


--
-- Name: active_storage_blobs active_storage_blobs_pkey; Type: CONSTRAINT; Schema: public; Owner: jmstump
--

ALTER TABLE ONLY public.active_storage_blobs
    ADD CONSTRAINT active_storage_blobs_pkey PRIMARY KEY (id);


--
-- Name: ar_internal_metadata ar_internal_metadata_pkey; Type: CONSTRAINT; Schema: public; Owner: jmstump
--

ALTER TABLE ONLY public.ar_internal_metadata
    ADD CONSTRAINT ar_internal_metadata_pkey PRIMARY KEY (key);


--
-- Name: gunplas gunplas_pkey; Type: CONSTRAINT; Schema: public; Owner: jmstump
--

ALTER TABLE ONLY public.gunplas
    ADD CONSTRAINT gunplas_pkey PRIMARY KEY (id);


--
-- Name: gunplas_users gunplas_users_pkey; Type: CONSTRAINT; Schema: public; Owner: jmstump
--

ALTER TABLE ONLY public.gunplas_users
    ADD CONSTRAINT gunplas_users_pkey PRIMARY KEY (id);


--
-- Name: reviews reviews_pkey; Type: CONSTRAINT; Schema: public; Owner: jmstump
--

ALTER TABLE ONLY public.reviews
    ADD CONSTRAINT reviews_pkey PRIMARY KEY (id);


--
-- Name: schema_migrations schema_migrations_pkey; Type: CONSTRAINT; Schema: public; Owner: jmstump
--

ALTER TABLE ONLY public.schema_migrations
    ADD CONSTRAINT schema_migrations_pkey PRIMARY KEY (version);


--
-- Name: users users_pkey; Type: CONSTRAINT; Schema: public; Owner: jmstump
--

ALTER TABLE ONLY public.users
    ADD CONSTRAINT users_pkey PRIMARY KEY (id);


--
-- Name: index_active_storage_attachments_on_blob_id; Type: INDEX; Schema: public; Owner: jmstump
--

CREATE INDEX index_active_storage_attachments_on_blob_id ON public.active_storage_attachments USING btree (blob_id);


--
-- Name: index_active_storage_attachments_uniqueness; Type: INDEX; Schema: public; Owner: jmstump
--

CREATE UNIQUE INDEX index_active_storage_attachments_uniqueness ON public.active_storage_attachments USING btree (record_type, record_id, name, blob_id);


--
-- Name: index_active_storage_blobs_on_key; Type: INDEX; Schema: public; Owner: jmstump
--

CREATE UNIQUE INDEX index_active_storage_blobs_on_key ON public.active_storage_blobs USING btree (key);


--
-- Name: index_gunplas_users_on_gunpla_id; Type: INDEX; Schema: public; Owner: jmstump
--

CREATE INDEX index_gunplas_users_on_gunpla_id ON public.gunplas_users USING btree (gunpla_id);


--
-- Name: index_gunplas_users_on_user_id; Type: INDEX; Schema: public; Owner: jmstump
--

CREATE INDEX index_gunplas_users_on_user_id ON public.gunplas_users USING btree (user_id);


--
-- Name: index_users_on_email; Type: INDEX; Schema: public; Owner: jmstump
--

CREATE UNIQUE INDEX index_users_on_email ON public.users USING btree (email);


--
-- Name: index_users_on_reset_password_token; Type: INDEX; Schema: public; Owner: jmstump
--

CREATE UNIQUE INDEX index_users_on_reset_password_token ON public.users USING btree (reset_password_token);


--
-- Name: gunplas_users fk_rails_3975a49c4f; Type: FK CONSTRAINT; Schema: public; Owner: jmstump
--

ALTER TABLE ONLY public.gunplas_users
    ADD CONSTRAINT fk_rails_3975a49c4f FOREIGN KEY (gunpla_id) REFERENCES public.gunplas(id);


--
-- Name: reviews fk_rails_74a66bd6c5; Type: FK CONSTRAINT; Schema: public; Owner: jmstump
--

ALTER TABLE ONLY public.reviews
    ADD CONSTRAINT fk_rails_74a66bd6c5 FOREIGN KEY (user_id) REFERENCES public.users(id);


--
-- Name: gunplas_users fk_rails_b34a3eb323; Type: FK CONSTRAINT; Schema: public; Owner: jmstump
--

ALTER TABLE ONLY public.gunplas_users
    ADD CONSTRAINT fk_rails_b34a3eb323 FOREIGN KEY (user_id) REFERENCES public.users(id);


--
-- Name: active_storage_attachments fk_rails_c3b3935057; Type: FK CONSTRAINT; Schema: public; Owner: jmstump
--

ALTER TABLE ONLY public.active_storage_attachments
    ADD CONSTRAINT fk_rails_c3b3935057 FOREIGN KEY (blob_id) REFERENCES public.active_storage_blobs(id);


--
-- Name: reviews fk_rails_f1e7f3ae48; Type: FK CONSTRAINT; Schema: public; Owner: jmstump
--

ALTER TABLE ONLY public.reviews
    ADD CONSTRAINT fk_rails_f1e7f3ae48 FOREIGN KEY (gunpla_id) REFERENCES public.gunplas(id);


--
-- PostgreSQL database dump complete
--

